ColumnInViewA,ColumnInViewB,DataType,SchemaNameA,ViewNameA,SchemaNameB,ViewNameB,SampleJoinQuery
ActivityCode,ActivityCode,nvarchar,Report,vw_ResourceUsage,Report,vw_WBS,SELECT * FROM [Report].[vw_ResourceUsage] AS a INNER JOIN [Report].[vw_WBS] AS b ON a.[ActivityCode] = b.[ActivityCode]
CBSID,CBSID,int,Report,vw_CBS,Report,vw_Payments,SELECT * FROM [Report].[vw_CBS] AS a INNER JOIN [Report].[vw_Payments] AS b ON a.[CBSID] = b.[CBSID]
CBSID,CBSID,int,Report,vw_CBS,Report,vw_Invoice,SELECT * FROM [Report].[vw_CBS] AS a INNER JOIN [Report].[vw_Invoice] AS b ON a.[CBSID] = b.[CBSID]
CBSID,CBSID,int,Report,vw_Invoice,Report,vw_Payments,SELECT * FROM [Report].[vw_Invoice] AS a INNER JOIN [Report].[vw_Payments] AS b ON a.[CBSID] = b.[CBSID]
DateTypePK,DateTypePK,int,Report,vw_Issues,Report,vw_Risks,SELECT * FROM [Report].[vw_Issues] AS a INNER JOIN [Report].[vw_Risks] AS b ON a.[DateTypePK] = b.[DateTypePK]
ID,ID,int,Report,vw_FB_شناسنامه_احکام_و_گزارش_عملکرد_سازمان_تامین_اجتماعی_در_برنامه_هفتم_پیشرفت#برنامه_عملیاتی_,Report,vw_FB_فرم_اقای_احمدی#child,SELECT * FROM [Report].[vw_FB_شناسنامه_احکام_و_گزارش_عملکرد_سازمان_تامین_اجتماعی_در_برنامه_هفتم_پیشرفت#برنامه_عملیاتی_] AS a INNER JOIN [Report].[vw_FB_فرم_اقای_احمدی#child] AS b ON a.[ID] = b.[ID]
ID,ID,int,Report,vw_FB_شناسنامه_احکام_و_گزارش_عملکرد_سازمان_تامین_اجتماعی_در_برنامه_هفتم_پیشرفت#برنامه_عملیاتی_,Report,vw_FB_فرم_اقای_احمدی,SELECT * FROM [Report].[vw_FB_شناسنامه_احکام_و_گزارش_عملکرد_سازمان_تامین_اجتماعی_در_برنامه_هفتم_پیشرفت#برنامه_عملیاتی_] AS a INNER JOIN [Report].[vw_FB_فرم_اقای_احمدی] AS b ON a.[ID] = b.[ID]
ID,ID,int,Report,vw_FB_شناسنامه_احکام_و_گزارش_عملکرد_سازمان_تامین_اجتماعی_در_برنامه_هفتم_پیشرفت#برنامه_عملیاتی_,Report,vw_FB_فرم_برنامه_هفتم#عملکرد_حکم,SELECT * FROM [Report].[vw_FB_شناسنامه_احکام_و_گزارش_عملکرد_سازمان_تامین_اجتماعی_در_برنامه_هفتم_پیشرفت#برنامه_عملیاتی_] AS a INNER JOIN [Report].[vw_FB_فرم_برنامه_هفتم#عملکرد_حکم] AS b ON a.[ID] = b.[ID]
ID,ID,int,Report,vw_FB_شناسنامه_احکام_و_گزارش_عملکرد_سازمان_تامین_اجتماعی_در_برنامه_هفتم_پیشرفت#برنامه_عملیاتی_,Report,vw_FB_فرم_برنامه_هفتم#عنوان_برنامه_عملیاتی,SELECT * FROM [Report].[vw_FB_شناسنامه_احکام_و_گزارش_عملکرد_سازمان_تامین_اجتماعی_در_برنامه_هفتم_پیشرفت#برنامه_عملیاتی_] AS a INNER JOIN [Report].[vw_FB_فرم_برنامه_هفتم#عنوان_برنامه_عملیاتی] AS b ON a.[ID] = b.[ID]
ID,ID,int,Report,vw_FB_شناسنامه_احکام_و_گزارش_عملکرد_سازمان_تامین_اجتماعی_در_برنامه_هفتم_پیشرفت#برنامه_عملیاتی_,Report,vw_FB_فرم_برنامه_هفتم#هدف_کمی,SELECT * FROM [Report].[vw_FB_شناسنامه_احکام_و_گزارش_عملکرد_سازمان_تامین_اجتماعی_در_برنامه_هفتم_پیشرفت#برنامه_عملیاتی_] AS a INNER JOIN [Report].[vw_FB_فرم_برنامه_هفتم#هدف_کمی] AS b ON a.[ID] = b.[ID]
ID,ID,int,Report,vw_FB_شناسنامه_احکام_و_گزارش_عملکرد_سازمان_تامین_اجتماعی_در_برنامه_هفتم_پیشرفت#برنامه_عملیاتی_,Report,vw_FB_فرم_برنامه_هفتم,SELECT * FROM [Report].[vw_FB_شناسنامه_احکام_و_گزارش_عملکرد_سازمان_تامین_اجتماعی_در_برنامه_هفتم_پیشرفت#برنامه_عملیاتی_] AS a INNER JOIN [Report].[vw_FB_فرم_برنامه_هفتم] AS b ON a.[ID] = b.[ID]
ID,ID,int,Report,vw_FB_شناسنامه_احکام_و_گزارش_عملکرد_سازمان_تامین_اجتماعی_در_برنامه_هفتم_پیشرفت#برنامه_عملیاتی_,Report,vw_FB_شناسنامه_احکام_و_گزارش_عملکرد_سازمان_تامین_اجتماعی_در_برنامه_هفتم_پیشرفت#هدف_کمی,SELECT * FROM [Report].[vw_FB_شناسنامه_احکام_و_گزارش_عملکرد_سازمان_تامین_اجتماعی_در_برنامه_هفتم_پیشرفت#برنامه_عملیاتی_] AS a INNER JOIN [Report].[vw_FB_شناسنامه_احکام_و_گزارش_عملکرد_سازمان_تامین_اجتماعی_در_برنامه_هفتم_پیشرفت#هدف_کمی] AS b ON a.[ID] = b.[ID]
ID,ID,int,Report,vw_FB_شناسنامه_احکام_و_گزارش_عملکرد_سازمان_تامین_اجتماعی_در_برنامه_هفتم_پیشرفت#برنامه_عملیاتی_,Report,vw_FB_شناسنامه_احکام_و_گزارش_عملکرد_سازمان_تامین_اجتماعی_در_برنامه_هفتم_پیشرفت#واحد_متولی_معاونت,SELECT * FROM [Report].[vw_FB_شناسنامه_احکام_و_گزارش_عملکرد_سازمان_تامین_اجتماعی_در_برنامه_هفتم_پیشرفت#برنامه_عملیاتی_] AS a INNER JOIN [Report].[vw_FB_شناسنامه_احکام_و_گزارش_عملکرد_سازمان_تامین_اجتماعی_در_برنامه_هفتم_پیشرفت#واحد_متولی_معاونت] AS b ON a.[ID] = b.[ID]
ID,ID,int,Report,vw_FB_شناسنامه_احکام_و_گزارش_عملکرد_سازمان_تامین_اجتماعی_در_برنامه_هفتم_پیشرفت#برنامه_عملیاتی_,Report,vw_FB_شناسنامه_احکام_و_گزارش_عملکرد_سازمان_تامین_اجتماعی_در_برنامه_هفتم_پیشرفت#شناسنامه_حکم,SELECT * FROM [Report].[vw_FB_شناسنامه_احکام_و_گزارش_عملکرد_سازمان_تامین_اجتماعی_در_برنامه_هفتم_پیشرفت#برنامه_عملیاتی_] AS a INNER JOIN [Report].[vw_FB_شناسنامه_احکام_و_گزارش_عملکرد_سازمان_تامین_اجتماعی_در_برنامه_هفتم_پیشرفت#شناسنامه_حکم] AS b ON a.[ID] = b.[ID]
ID,ID,int,Report,vw_FB_شناسنامه_احکام_و_گزارش_عملکرد_سازمان_تامین_اجتماعی_در_برنامه_هفتم_پیشرفت#برنامه_عملیاتی_,Report,vw_FB_فرم_آپلود_فایل,SELECT * FROM [Report].[vw_FB_شناسنامه_احکام_و_گزارش_عملکرد_سازمان_تامین_اجتماعی_در_برنامه_هفتم_پیشرفت#برنامه_عملیاتی_] AS a INNER JOIN [Report].[vw_FB_فرم_آپلود_فایل] AS b ON a.[ID] = b.[ID]
ID,ID,int,Report,vw_FB_شناسنامه_احکام_و_گزارش_عملکرد_سازمان_تامین_اجتماعی_در_برنامه_هفتم_پیشرفت#شناسنامه_حکم,Report,vw_FB_فرم_آپلود_فایل,SELECT * FROM [Report].[vw_FB_شناسنامه_احکام_و_گزارش_عملکرد_سازمان_تامین_اجتماعی_در_برنامه_هفتم_پیشرفت#شناسنامه_حکم] AS a INNER JOIN [Report].[vw_FB_فرم_آپلود_فایل] AS b ON a.[ID] = b.[ID]
ID,ID,int,Report,vw_FB_شناسنامه_احکام_و_گزارش_عملکرد_سازمان_تامین_اجتماعی_در_برنامه_هفتم_پیشرفت#شناسنامه_حکم,Report,vw_FB_شناسنامه_احکام_و_گزارش_عملکرد_سازمان_تامین_اجتماعی_در_برنامه_هفتم_پیشرفت#واحد_متولی_معاونت,SELECT * FROM [Report].[vw_FB_شناسنامه_احکام_و_گزارش_عملکرد_سازمان_تامین_اجتماعی_در_برنامه_هفتم_پیشرفت#شناسنامه_حکم] AS a INNER JOIN [Report].[vw_FB_شناسنامه_احکام_و_گزارش_عملکرد_سازمان_تامین_اجتماعی_در_برنامه_هفتم_پیشرفت#واحد_متولی_معاونت] AS b ON a.[ID] = b.[ID]
ID,ID,int,Report,vw_FB_شناسنامه_احکام_و_گزارش_عملکرد_سازمان_تامین_اجتماعی_در_برنامه_هفتم_پیشرفت#شناسنامه_حکم,Report,vw_FB_شناسنامه_احکام_و_گزارش_عملکرد_سازمان_تامین_اجتماعی_در_برنامه_هفتم_پیشرفت#هدف_کمی,SELECT * FROM [Report].[vw_FB_شناسنامه_احکام_و_گزارش_عملکرد_سازمان_تامین_اجتماعی_در_برنامه_هفتم_پیشرفت#شناسنامه_حکم] AS a INNER JOIN [Report].[vw_FB_شناسنامه_احکام_و_گزارش_عملکرد_سازمان_تامین_اجتماعی_در_برنامه_هفتم_پیشرفت#هدف_کمی] AS b ON a.[ID] = b.[ID]
ID,ID,int,Report,vw_FB_شناسنامه_احکام_و_گزارش_عملکرد_سازمان_تامین_اجتماعی_در_برنامه_هفتم_پیشرفت#شناسنامه_حکم,Report,vw_FB_فرم_برنامه_هفتم,SELECT * FROM [Report].[vw_FB_شناسنامه_احکام_و_گزارش_عملکرد_سازمان_تامین_اجتماعی_در_برنامه_هفتم_پیشرفت#شناسنامه_حکم] AS a INNER JOIN [Report].[vw_FB_فرم_برنامه_هفتم] AS b ON a.[ID] = b.[ID]
ID,ID,int,Report,vw_FB_شناسنامه_احکام_و_گزارش_عملکرد_سازمان_تامین_اجتماعی_در_برنامه_هفتم_پیشرفت#شناسنامه_حکم,Report,vw_FB_فرم_برنامه_هفتم#هدف_کمی,SELECT * FROM [Report].[vw_FB_شناسنامه_احکام_و_گزارش_عملکرد_سازمان_تامین_اجتماعی_در_برنامه_هفتم_پیشرفت#شناسنامه_حکم] AS a INNER JOIN [Report].[vw_FB_فرم_برنامه_هفتم#هدف_کمی] AS b ON a.[ID] = b.[ID]
ID,ID,int,Report,vw_FB_شناسنامه_احکام_و_گزارش_عملکرد_سازمان_تامین_اجتماعی_در_برنامه_هفتم_پیشرفت#شناسنامه_حکم,Report,vw_FB_فرم_برنامه_هفتم#عنوان_برنامه_عملیاتی,SELECT * FROM [Report].[vw_FB_شناسنامه_احکام_و_گزارش_عملکرد_سازمان_تامین_اجتماعی_در_برنامه_هفتم_پیشرفت#شناسنامه_حکم] AS a INNER JOIN [Report].[vw_FB_فرم_برنامه_هفتم#عنوان_برنامه_عملیاتی] AS b ON a.[ID] = b.[ID]
ID,ID,int,Report,vw_FB_شناسنامه_احکام_و_گزارش_عملکرد_سازمان_تامین_اجتماعی_در_برنامه_هفتم_پیشرفت#شناسنامه_حکم,Report,vw_FB_فرم_برنامه_هفتم#عملکرد_حکم,SELECT * FROM [Report].[vw_FB_شناسنامه_احکام_و_گزارش_عملکرد_سازمان_تامین_اجتماعی_در_برنامه_هفتم_پیشرفت#شناسنامه_حکم] AS a INNER JOIN [Report].[vw_FB_فرم_برنامه_هفتم#عملکرد_حکم] AS b ON a.[ID] = b.[ID]
ID,ID,int,Report,vw_FB_شناسنامه_احکام_و_گزارش_عملکرد_سازمان_تامین_اجتماعی_در_برنامه_هفتم_پیشرفت#شناسنامه_حکم,Report,vw_FB_فرم_اقای_احمدی,SELECT * FROM [Report].[vw_FB_شناسنامه_احکام_و_گزارش_عملکرد_سازمان_تامین_اجتماعی_در_برنامه_هفتم_پیشرفت#شناسنامه_حکم] AS a INNER JOIN [Report].[vw_FB_فرم_اقای_احمدی] AS b ON a.[ID] = b.[ID]
ID,ID,int,Report,vw_FB_شناسنامه_احکام_و_گزارش_عملکرد_سازمان_تامین_اجتماعی_در_برنامه_هفتم_پیشرفت#شناسنامه_حکم,Report,vw_FB_فرم_اقای_احمدی#child,SELECT * FROM [Report].[vw_FB_شناسنامه_احکام_و_گزارش_عملکرد_سازمان_تامین_اجتماعی_در_برنامه_هفتم_پیشرفت#شناسنامه_حکم] AS a INNER JOIN [Report].[vw_FB_فرم_اقای_احمدی#child] AS b ON a.[ID] = b.[ID]
ID,ID,int,Report,vw_FB_شناسنامه_احکام_و_گزارش_عملکرد_سازمان_تامین_اجتماعی_در_برنامه_هفتم_پیشرفت#هدف_کمی,Report,vw_FB_فرم_اقای_احمدی#child,SELECT * FROM [Report].[vw_FB_شناسنامه_احکام_و_گزارش_عملکرد_سازمان_تامین_اجتماعی_در_برنامه_هفتم_پیشرفت#هدف_کمی] AS a INNER JOIN [Report].[vw_FB_فرم_اقای_احمدی#child] AS b ON a.[ID] = b.[ID]
ID,ID,int,Report,vw_FB_شناسنامه_احکام_و_گزارش_عملکرد_سازمان_تامین_اجتماعی_در_برنامه_هفتم_پیشرفت#هدف_کمی,Report,vw_FB_فرم_اقای_احمدی,SELECT * FROM [Report].[vw_FB_شناسنامه_احکام_و_گزارش_عملکرد_سازمان_تامین_اجتماعی_در_برنامه_هفتم_پیشرفت#هدف_کمی] AS a INNER JOIN [Report].[vw_FB_فرم_اقای_احمدی] AS b ON a.[ID] = b.[ID]
ID,ID,int,Report,vw_FB_شناسنامه_احکام_و_گزارش_عملکرد_سازمان_تامین_اجتماعی_در_برنامه_هفتم_پیشرفت#هدف_کمی,Report,vw_FB_فرم_برنامه_هفتم#عملکرد_حکم,SELECT * FROM [Report].[vw_FB_شناسنامه_احکام_و_گزارش_عملکرد_سازمان_تامین_اجتماعی_در_برنامه_هفتم_پیشرفت#هدف_کمی] AS a INNER JOIN [Report].[vw_FB_فرم_برنامه_هفتم#عملکرد_حکم] AS b ON a.[ID] = b.[ID]
ID,ID,int,Report,vw_FB_شناسنامه_احکام_و_گزارش_عملکرد_سازمان_تامین_اجتماعی_در_برنامه_هفتم_پیشرفت#هدف_کمی,Report,vw_FB_فرم_برنامه_هفتم#عنوان_برنامه_عملیاتی,SELECT * FROM [Report].[vw_FB_شناسنامه_احکام_و_گزارش_عملکرد_سازمان_تامین_اجتماعی_در_برنامه_هفتم_پیشرفت#هدف_کمی] AS a INNER JOIN [Report].[vw_FB_فرم_برنامه_هفتم#عنوان_برنامه_عملیاتی] AS b ON a.[ID] = b.[ID]
ID,ID,int,Report,vw_FB_شناسنامه_احکام_و_گزارش_عملکرد_سازمان_تامین_اجتماعی_در_برنامه_هفتم_پیشرفت#هدف_کمی,Report,vw_FB_فرم_برنامه_هفتم#هدف_کمی,SELECT * FROM [Report].[vw_FB_شناسنامه_احکام_و_گزارش_عملکرد_سازمان_تامین_اجتماعی_در_برنامه_هفتم_پیشرفت#هدف_کمی] AS a INNER JOIN [Report].[vw_FB_فرم_برنامه_هفتم#هدف_کمی] AS b ON a.[ID] = b.[ID]
ID,ID,int,Report,vw_FB_شناسنامه_احکام_و_گزارش_عملکرد_سازمان_تامین_اجتماعی_در_برنامه_هفتم_پیشرفت#هدف_کمی,Report,vw_FB_فرم_برنامه_هفتم,SELECT * FROM [Report].[vw_FB_شناسنامه_احکام_و_گزارش_عملکرد_سازمان_تامین_اجتماعی_در_برنامه_هفتم_پیشرفت#هدف_کمی] AS a INNER JOIN [Report].[vw_FB_فرم_برنامه_هفتم] AS b ON a.[ID] = b.[ID]
ID,ID,int,Report,vw_FB_شناسنامه_احکام_و_گزارش_عملکرد_سازمان_تامین_اجتماعی_در_برنامه_هفتم_پیشرفت#هدف_کمی,Report,vw_FB_شناسنامه_احکام_و_گزارش_عملکرد_سازمان_تامین_اجتماعی_در_برنامه_هفتم_پیشرفت#واحد_متولی_معاونت,SELECT * FROM [Report].[vw_FB_شناسنامه_احکام_و_گزارش_عملکرد_سازمان_تامین_اجتماعی_در_برنامه_هفتم_پیشرفت#هدف_کمی] AS a INNER JOIN [Report].[vw_FB_شناسنامه_احکام_و_گزارش_عملکرد_سازمان_تامین_اجتماعی_در_برنامه_هفتم_پیشرفت#واحد_متولی_معاونت] AS b ON a.[ID] = b.[ID]
ID,ID,int,Report,vw_FB_شناسنامه_احکام_و_گزارش_عملکرد_سازمان_تامین_اجتماعی_در_برنامه_هفتم_پیشرفت#هدف_کمی,Report,vw_FB_فرم_آپلود_فایل,SELECT * FROM [Report].[vw_FB_شناسنامه_احکام_و_گزارش_عملکرد_سازمان_تامین_اجتماعی_در_برنامه_هفتم_پیشرفت#هدف_کمی] AS a INNER JOIN [Report].[vw_FB_فرم_آپلود_فایل] AS b ON a.[ID] = b.[ID]
ID,ID,int,Report,vw_FB_شناسنامه_احکام_و_گزارش_عملکرد_سازمان_تامین_اجتماعی_در_برنامه_هفتم_پیشرفت#واحد_متولی_معاونت,Report,vw_FB_فرم_آپلود_فایل,SELECT * FROM [Report].[vw_FB_شناسنامه_احکام_و_گزارش_عملکرد_سازمان_تامین_اجتماعی_در_برنامه_هفتم_پیشرفت#واحد_متولی_معاونت] AS a INNER JOIN [Report].[vw_FB_فرم_آپلود_فایل] AS b ON a.[ID] = b.[ID]
ID,ID,int,Report,vw_FB_شناسنامه_احکام_و_گزارش_عملکرد_سازمان_تامین_اجتماعی_در_برنامه_هفتم_پیشرفت#واحد_متولی_معاونت,Report,vw_FB_فرم_برنامه_هفتم,SELECT * FROM [Report].[vw_FB_شناسنامه_احکام_و_گزارش_عملکرد_سازمان_تامین_اجتماعی_در_برنامه_هفتم_پیشرفت#واحد_متولی_معاونت] AS a INNER JOIN [Report].[vw_FB_فرم_برنامه_هفتم] AS b ON a.[ID] = b.[ID]
ID,ID,int,Report,vw_FB_شناسنامه_احکام_و_گزارش_عملکرد_سازمان_تامین_اجتماعی_در_برنامه_هفتم_پیشرفت#واحد_متولی_معاونت,Report,vw_FB_فرم_برنامه_هفتم#هدف_کمی,SELECT * FROM [Report].[vw_FB_شناسنامه_احکام_و_گزارش_عملکرد_سازمان_تامین_اجتماعی_در_برنامه_هفتم_پیشرفت#واحد_متولی_معاونت] AS a INNER JOIN [Report].[vw_FB_فرم_برنامه_هفتم#هدف_کمی] AS b ON a.[ID] = b.[ID]
ID,ID,int,Report,vw_FB_شناسنامه_احکام_و_گزارش_عملکرد_سازمان_تامین_اجتماعی_در_برنامه_هفتم_پیشرفت#واحد_متولی_معاونت,Report,vw_FB_فرم_برنامه_هفتم#عنوان_برنامه_عملیاتی,SELECT * FROM [Report].[vw_FB_شناسنامه_احکام_و_گزارش_عملکرد_سازمان_تامین_اجتماعی_در_برنامه_هفتم_پیشرفت#واحد_متولی_معاونت] AS a INNER JOIN [Report].[vw_FB_فرم_برنامه_هفتم#عنوان_برنامه_عملیاتی] AS b ON a.[ID] = b.[ID]
ID,ID,int,Report,vw_FB_شناسنامه_احکام_و_گزارش_عملکرد_سازمان_تامین_اجتماعی_در_برنامه_هفتم_پیشرفت#واحد_متولی_معاونت,Report,vw_FB_فرم_برنامه_هفتم#عملکرد_حکم,SELECT * FROM [Report].[vw_FB_شناسنامه_احکام_و_گزارش_عملکرد_سازمان_تامین_اجتماعی_در_برنامه_هفتم_پیشرفت#واحد_متولی_معاونت] AS a INNER JOIN [Report].[vw_FB_فرم_برنامه_هفتم#عملکرد_حکم] AS b ON a.[ID] = b.[ID]
ID,ID,int,Report,vw_FB_شناسنامه_احکام_و_گزارش_عملکرد_سازمان_تامین_اجتماعی_در_برنامه_هفتم_پیشرفت#واحد_متولی_معاونت,Report,vw_FB_فرم_اقای_احمدی,SELECT * FROM [Report].[vw_FB_شناسنامه_احکام_و_گزارش_عملکرد_سازمان_تامین_اجتماعی_در_برنامه_هفتم_پیشرفت#واحد_متولی_معاونت] AS a INNER JOIN [Report].[vw_FB_فرم_اقای_احمدی] AS b ON a.[ID] = b.[ID]
ID,ID,int,Report,vw_FB_شناسنامه_احکام_و_گزارش_عملکرد_سازمان_تامین_اجتماعی_در_برنامه_هفتم_پیشرفت#واحد_متولی_معاونت,Report,vw_FB_فرم_اقای_احمدی#child,SELECT * FROM [Report].[vw_FB_شناسنامه_احکام_و_گزارش_عملکرد_سازمان_تامین_اجتماعی_در_برنامه_هفتم_پیشرفت#واحد_متولی_معاونت] AS a INNER JOIN [Report].[vw_FB_فرم_اقای_احمدی#child] AS b ON a.[ID] = b.[ID]
ID,ID,int,Report,vw_FB_فرم_آپلود_فایل,Report,vw_FB_فرم_اقای_احمدی#child,SELECT * FROM [Report].[vw_FB_فرم_آپلود_فایل] AS a INNER JOIN [Report].[vw_FB_فرم_اقای_احمدی#child] AS b ON a.[ID] = b.[ID]
ID,ID,int,Report,vw_FB_فرم_آپلود_فایل,Report,vw_FB_فرم_اقای_احمدی,SELECT * FROM [Report].[vw_FB_فرم_آپلود_فایل] AS a INNER JOIN [Report].[vw_FB_فرم_اقای_احمدی] AS b ON a.[ID] = b.[ID]
ID,ID,int,Report,vw_FB_فرم_آپلود_فایل,Report,vw_FB_فرم_برنامه_هفتم#عملکرد_حکم,SELECT * FROM [Report].[vw_FB_فرم_آپلود_فایل] AS a INNER JOIN [Report].[vw_FB_فرم_برنامه_هفتم#عملکرد_حکم] AS b ON a.[ID] = b.[ID]
ID,ID,int,Report,vw_FB_فرم_آپلود_فایل,Report,vw_FB_فرم_برنامه_هفتم#عنوان_برنامه_عملیاتی,SELECT * FROM [Report].[vw_FB_فرم_آپلود_فایل] AS a INNER JOIN [Report].[vw_FB_فرم_برنامه_هفتم#عنوان_برنامه_عملیاتی] AS b ON a.[ID] = b.[ID]
ID,ID,int,Report,vw_FB_فرم_آپلود_فایل,Report,vw_FB_فرم_برنامه_هفتم#هدف_کمی,SELECT * FROM [Report].[vw_FB_فرم_آپلود_فایل] AS a INNER JOIN [Report].[vw_FB_فرم_برنامه_هفتم#هدف_کمی] AS b ON a.[ID] = b.[ID]
ID,ID,int,Report,vw_FB_فرم_آپلود_فایل,Report,vw_FB_فرم_برنامه_هفتم,SELECT * FROM [Report].[vw_FB_فرم_آپلود_فایل] AS a INNER JOIN [Report].[vw_FB_فرم_برنامه_هفتم] AS b ON a.[ID] = b.[ID]
ID,ID,int,Report,vw_FB_فرم_اقای_احمدی,Report,vw_FB_فرم_برنامه_هفتم,SELECT * FROM [Report].[vw_FB_فرم_اقای_احمدی] AS a INNER JOIN [Report].[vw_FB_فرم_برنامه_هفتم] AS b ON a.[ID] = b.[ID]
ID,ID,int,Report,vw_FB_فرم_اقای_احمدی,Report,vw_FB_فرم_برنامه_هفتم#هدف_کمی,SELECT * FROM [Report].[vw_FB_فرم_اقای_احمدی] AS a INNER JOIN [Report].[vw_FB_فرم_برنامه_هفتم#هدف_کمی] AS b ON a.[ID] = b.[ID]
ID,ID,int,Report,vw_FB_فرم_اقای_احمدی,Report,vw_FB_فرم_برنامه_هفتم#عملکرد_حکم,SELECT * FROM [Report].[vw_FB_فرم_اقای_احمدی] AS a INNER JOIN [Report].[vw_FB_فرم_برنامه_هفتم#عملکرد_حکم] AS b ON a.[ID] = b.[ID]
ID,ID,int,Report,vw_FB_فرم_اقای_احمدی,Report,vw_FB_فرم_برنامه_هفتم#عنوان_برنامه_عملیاتی,SELECT * FROM [Report].[vw_FB_فرم_اقای_احمدی] AS a INNER JOIN [Report].[vw_FB_فرم_برنامه_هفتم#عنوان_برنامه_عملیاتی] AS b ON a.[ID] = b.[ID]
ID,ID,int,Report,vw_FB_فرم_اقای_احمدی,Report,vw_FB_فرم_اقای_احمدی#child,SELECT * FROM [Report].[vw_FB_فرم_اقای_احمدی] AS a INNER JOIN [Report].[vw_FB_فرم_اقای_احمدی#child] AS b ON a.[ID] = b.[ID]
ID,ID,int,Report,vw_FB_فرم_اقای_احمدی#child,Report,vw_FB_فرم_برنامه_هفتم#عنوان_برنامه_عملیاتی,SELECT * FROM [Report].[vw_FB_فرم_اقای_احمدی#child] AS a INNER JOIN [Report].[vw_FB_فرم_برنامه_هفتم#عنوان_برنامه_عملیاتی] AS b ON a.[ID] = b.[ID]
ID,ID,int,Report,vw_FB_فرم_اقای_احمدی#child,Report,vw_FB_فرم_برنامه_هفتم#عملکرد_حکم,SELECT * FROM [Report].[vw_FB_فرم_اقای_احمدی#child] AS a INNER JOIN [Report].[vw_FB_فرم_برنامه_هفتم#عملکرد_حکم] AS b ON a.[ID] = b.[ID]
ID,ID,int,Report,vw_FB_فرم_اقای_احمدی#child,Report,vw_FB_فرم_برنامه_هفتم#هدف_کمی,SELECT * FROM [Report].[vw_FB_فرم_اقای_احمدی#child] AS a INNER JOIN [Report].[vw_FB_فرم_برنامه_هفتم#هدف_کمی] AS b ON a.[ID] = b.[ID]
ID,ID,int,Report,vw_FB_فرم_اقای_احمدی#child,Report,vw_FB_فرم_برنامه_هفتم,SELECT * FROM [Report].[vw_FB_فرم_اقای_احمدی#child] AS a INNER JOIN [Report].[vw_FB_فرم_برنامه_هفتم] AS b ON a.[ID] = b.[ID]
ID,ID,int,Report,vw_FB_فرم_برنامه_هفتم,Report,vw_FB_فرم_برنامه_هفتم#هدف_کمی,SELECT * FROM [Report].[vw_FB_فرم_برنامه_هفتم] AS a INNER JOIN [Report].[vw_FB_فرم_برنامه_هفتم#هدف_کمی] AS b ON a.[ID] = b.[ID]
ID,ID,int,Report,vw_FB_فرم_برنامه_هفتم,Report,vw_FB_فرم_برنامه_هفتم#عنوان_برنامه_عملیاتی,SELECT * FROM [Report].[vw_FB_فرم_برنامه_هفتم] AS a INNER JOIN [Report].[vw_FB_فرم_برنامه_هفتم#عنوان_برنامه_عملیاتی] AS b ON a.[ID] = b.[ID]
ID,ID,int,Report,vw_FB_فرم_برنامه_هفتم,Report,vw_FB_فرم_برنامه_هفتم#عملکرد_حکم,SELECT * FROM [Report].[vw_FB_فرم_برنامه_هفتم] AS a INNER JOIN [Report].[vw_FB_فرم_برنامه_هفتم#عملکرد_حکم] AS b ON a.[ID] = b.[ID]
ID,ID,int,Report,vw_FB_فرم_برنامه_هفتم#عملکرد_حکم,Report,vw_FB_فرم_برنامه_هفتم#عنوان_برنامه_عملیاتی,SELECT * FROM [Report].[vw_FB_فرم_برنامه_هفتم#عملکرد_حکم] AS a INNER JOIN [Report].[vw_FB_فرم_برنامه_هفتم#عنوان_برنامه_عملیاتی] AS b ON a.[ID] = b.[ID]
ID,ID,int,Report,vw_FB_فرم_برنامه_هفتم#عملکرد_حکم,Report,vw_FB_فرم_برنامه_هفتم#هدف_کمی,SELECT * FROM [Report].[vw_FB_فرم_برنامه_هفتم#عملکرد_حکم] AS a INNER JOIN [Report].[vw_FB_فرم_برنامه_هفتم#هدف_کمی] AS b ON a.[ID] = b.[ID]
ID,ID,int,Report,vw_FB_فرم_برنامه_هفتم#عنوان_برنامه_عملیاتی,Report,vw_FB_فرم_برنامه_هفتم#هدف_کمی,SELECT * FROM [Report].[vw_FB_فرم_برنامه_هفتم#عنوان_برنامه_عملیاتی] AS a INNER JOIN [Report].[vw_FB_فرم_برنامه_هفتم#هدف_کمی] AS b ON a.[ID] = b.[ID]
OrganizationUnitID,OrganizationUnitID,int,Report,vw_CBS,Report,vw_Projects,SELECT * FROM [Report].[vw_CBS] AS a INNER JOIN [Report].[vw_Projects] AS b ON a.[OrganizationUnitID] = b.[OrganizationUnitID]
OrganizationUnitID,OrganizationUnitID,int,Report,vw_CBS,Report,vw_Payments,SELECT * FROM [Report].[vw_CBS] AS a INNER JOIN [Report].[vw_Payments] AS b ON a.[OrganizationUnitID] = b.[OrganizationUnitID]
OrganizationUnitID,OrganizationUnitID,int,Report,vw_CBS,Report,vw_Risks,SELECT * FROM [Report].[vw_CBS] AS a INNER JOIN [Report].[vw_Risks] AS b ON a.[OrganizationUnitID] = b.[OrganizationUnitID]
OrganizationUnitID,OrganizationUnitID,int,Report,vw_CBS,Report,vw_Issues,SELECT * FROM [Report].[vw_CBS] AS a INNER JOIN [Report].[vw_Issues] AS b ON a.[OrganizationUnitID] = b.[OrganizationUnitID]
OrganizationUnitID,OrganizationUnitID,int,Report,vw_Issues,Report,vw_Risks,SELECT * FROM [Report].[vw_Issues] AS a INNER JOIN [Report].[vw_Risks] AS b ON a.[OrganizationUnitID] = b.[OrganizationUnitID]
OrganizationUnitID,OrganizationUnitID,int,Report,vw_Issues,Report,vw_Payments,SELECT * FROM [Report].[vw_Issues] AS a INNER JOIN [Report].[vw_Payments] AS b ON a.[OrganizationUnitID] = b.[OrganizationUnitID]
OrganizationUnitID,OrganizationUnitID,int,Report,vw_Issues,Report,vw_Projects,SELECT * FROM [Report].[vw_Issues] AS a INNER JOIN [Report].[vw_Projects] AS b ON a.[OrganizationUnitID] = b.[OrganizationUnitID]
OrganizationUnitID,OrganizationUnitID,int,Report,vw_Payments,Report,vw_Projects,SELECT * FROM [Report].[vw_Payments] AS a INNER JOIN [Report].[vw_Projects] AS b ON a.[OrganizationUnitID] = b.[OrganizationUnitID]
OrganizationUnitID,OrganizationUnitID,int,Report,vw_Payments,Report,vw_Risks,SELECT * FROM [Report].[vw_Payments] AS a INNER JOIN [Report].[vw_Risks] AS b ON a.[OrganizationUnitID] = b.[OrganizationUnitID]
OrganizationUnitID,OrganizationUnitID,int,Report,vw_Projects,Report,vw_Risks,SELECT * FROM [Report].[vw_Projects] AS a INNER JOIN [Report].[vw_Risks] AS b ON a.[OrganizationUnitID] = b.[OrganizationUnitID]
ParentID,ParentID,int,Report,vw_FB_شناسنامه_احکام_و_گزارش_عملکرد_سازمان_تامین_اجتماعی_در_برنامه_هفتم_پیشرفت#برنامه_عملیاتی_,Report,vw_Projects,SELECT * FROM [Report].[vw_FB_شناسنامه_احکام_و_گزارش_عملکرد_سازمان_تامین_اجتماعی_در_برنامه_هفتم_پیشرفت#برنامه_عملیاتی_] AS a INNER JOIN [Report].[vw_Projects] AS b ON a.[ParentID] = b.[ParentID]
ParentID,ParentID,int,Report,vw_FB_شناسنامه_احکام_و_گزارش_عملکرد_سازمان_تامین_اجتماعی_در_برنامه_هفتم_پیشرفت#برنامه_عملیاتی_,Report,vw_FB_فرم_برنامه_هفتم#هدف_کمی,SELECT * FROM [Report].[vw_FB_شناسنامه_احکام_و_گزارش_عملکرد_سازمان_تامین_اجتماعی_در_برنامه_هفتم_پیشرفت#برنامه_عملیاتی_] AS a INNER JOIN [Report].[vw_FB_فرم_برنامه_هفتم#هدف_کمی] AS b ON a.[ParentID] = b.[ParentID]
ParentID,ParentID,int,Report,vw_FB_شناسنامه_احکام_و_گزارش_عملکرد_سازمان_تامین_اجتماعی_در_برنامه_هفتم_پیشرفت#برنامه_عملیاتی_,Report,vw_FB_فرم_برنامه_هفتم#عنوان_برنامه_عملیاتی,SELECT * FROM [Report].[vw_FB_شناسنامه_احکام_و_گزارش_عملکرد_سازمان_تامین_اجتماعی_در_برنامه_هفتم_پیشرفت#برنامه_عملیاتی_] AS a INNER JOIN [Report].[vw_FB_فرم_برنامه_هفتم#عنوان_برنامه_عملیاتی] AS b ON a.[ParentID] = b.[ParentID]
ParentID,ParentID,int,Report,vw_FB_شناسنامه_احکام_و_گزارش_عملکرد_سازمان_تامین_اجتماعی_در_برنامه_هفتم_پیشرفت#برنامه_عملیاتی_,Report,vw_FB_فرم_برنامه_هفتم#عملکرد_حکم,SELECT * FROM [Report].[vw_FB_شناسنامه_احکام_و_گزارش_عملکرد_سازمان_تامین_اجتماعی_در_برنامه_هفتم_پیشرفت#برنامه_عملیاتی_] AS a INNER JOIN [Report].[vw_FB_فرم_برنامه_هفتم#عملکرد_حکم] AS b ON a.[ParentID] = b.[ParentID]
ParentID,ParentID,int,Report,vw_FB_شناسنامه_احکام_و_گزارش_عملکرد_سازمان_تامین_اجتماعی_در_برنامه_هفتم_پیشرفت#برنامه_عملیاتی_,Report,vw_FB_فرم_برنامه_هفتم,SELECT * FROM [Report].[vw_FB_شناسنامه_احکام_و_گزارش_عملکرد_سازمان_تامین_اجتماعی_در_برنامه_هفتم_پیشرفت#برنامه_عملیاتی_] AS a INNER JOIN [Report].[vw_FB_فرم_برنامه_هفتم] AS b ON a.[ParentID] = b.[ParentID]
ParentID,ParentID,int,Report,vw_FB_شناسنامه_احکام_و_گزارش_عملکرد_سازمان_تامین_اجتماعی_در_برنامه_هفتم_پیشرفت#برنامه_عملیاتی_,Report,vw_FB_فرم_آپلود_فایل,SELECT * FROM [Report].[vw_FB_شناسنامه_احکام_و_گزارش_عملکرد_سازمان_تامین_اجتماعی_در_برنامه_هفتم_پیشرفت#برنامه_عملیاتی_] AS a INNER JOIN [Report].[vw_FB_فرم_آپلود_فایل] AS b ON a.[ParentID] = b.[ParentID]
ParentID,ParentID,int,Report,vw_FB_شناسنامه_احکام_و_گزارش_عملکرد_سازمان_تامین_اجتماعی_در_برنامه_هفتم_پیشرفت#برنامه_عملیاتی_,Report,vw_FB_شناسنامه_احکام_و_گزارش_عملکرد_سازمان_تامین_اجتماعی_در_برنامه_هفتم_پیشرفت#هدف_کمی,SELECT * FROM [Report].[vw_FB_شناسنامه_احکام_و_گزارش_عملکرد_سازمان_تامین_اجتماعی_در_برنامه_هفتم_پیشرفت#برنامه_عملیاتی_] AS a INNER JOIN [Report].[vw_FB_شناسنامه_احکام_و_گزارش_عملکرد_سازمان_تامین_اجتماعی_در_برنامه_هفتم_پیشرفت#هدف_کمی] AS b ON a.[ParentID] = b.[ParentID]
ParentID,ParentID,int,Report,vw_FB_شناسنامه_احکام_و_گزارش_عملکرد_سازمان_تامین_اجتماعی_در_برنامه_هفتم_پیشرفت#برنامه_عملیاتی_,Report,vw_FB_شناسنامه_احکام_و_گزارش_عملکرد_سازمان_تامین_اجتماعی_در_برنامه_هفتم_پیشرفت#واحد_متولی_معاونت,SELECT * FROM [Report].[vw_FB_شناسنامه_احکام_و_گزارش_عملکرد_سازمان_تامین_اجتماعی_در_برنامه_هفتم_پیشرفت#برنامه_عملیاتی_] AS a INNER JOIN [Report].[vw_FB_شناسنامه_احکام_و_گزارش_عملکرد_سازمان_تامین_اجتماعی_در_برنامه_هفتم_پیشرفت#واحد_متولی_معاونت] AS b ON a.[ParentID] = b.[ParentID]
ParentID,ParentID,int,Report,vw_FB_شناسنامه_احکام_و_گزارش_عملکرد_سازمان_تامین_اجتماعی_در_برنامه_هفتم_پیشرفت#برنامه_عملیاتی_,Report,vw_FB_شناسنامه_احکام_و_گزارش_عملکرد_سازمان_تامین_اجتماعی_در_برنامه_هفتم_پیشرفت#شناسنامه_حکم,SELECT * FROM [Report].[vw_FB_شناسنامه_احکام_و_گزارش_عملکرد_سازمان_تامین_اجتماعی_در_برنامه_هفتم_پیشرفت#برنامه_عملیاتی_] AS a INNER JOIN [Report].[vw_FB_شناسنامه_احکام_و_گزارش_عملکرد_سازمان_تامین_اجتماعی_در_برنامه_هفتم_پیشرفت#شناسنامه_حکم] AS b ON a.[ParentID] = b.[ParentID]
ParentID,ParentID,int,Report,vw_FB_شناسنامه_احکام_و_گزارش_عملکرد_سازمان_تامین_اجتماعی_در_برنامه_هفتم_پیشرفت#برنامه_عملیاتی_,Report,vw_Risks,SELECT * FROM [Report].[vw_FB_شناسنامه_احکام_و_گزارش_عملکرد_سازمان_تامین_اجتماعی_در_برنامه_هفتم_پیشرفت#برنامه_عملیاتی_] AS a INNER JOIN [Report].[vw_Risks] AS b ON a.[ParentID] = b.[ParentID]
ParentID,ParentID,int,Report,vw_FB_شناسنامه_احکام_و_گزارش_عملکرد_سازمان_تامین_اجتماعی_در_برنامه_هفتم_پیشرفت#برنامه_عملیاتی_,Report,vw_Issues,SELECT * FROM [Report].[vw_FB_شناسنامه_احکام_و_گزارش_عملکرد_سازمان_تامین_اجتماعی_در_برنامه_هفتم_پیشرفت#برنامه_عملیاتی_] AS a INNER JOIN [Report].[vw_Issues] AS b ON a.[ParentID] = b.[ParentID]
ParentID,ParentID,int,Report,vw_FB_شناسنامه_احکام_و_گزارش_عملکرد_سازمان_تامین_اجتماعی_در_برنامه_هفتم_پیشرفت#برنامه_عملیاتی_,Report,vw_OrganizationUnit,SELECT * FROM [Report].[vw_FB_شناسنامه_احکام_و_گزارش_عملکرد_سازمان_تامین_اجتماعی_در_برنامه_هفتم_پیشرفت#برنامه_عملیاتی_] AS a INNER JOIN [Report].[vw_OrganizationUnit] AS b ON a.[ParentID] = b.[ParentID]
ParentID,ParentID,int,Report,vw_FB_شناسنامه_احکام_و_گزارش_عملکرد_سازمان_تامین_اجتماعی_در_برنامه_هفتم_پیشرفت#برنامه_عملیاتی_,Report,vw_Payments,SELECT * FROM [Report].[vw_FB_شناسنامه_احکام_و_گزارش_عملکرد_سازمان_تامین_اجتماعی_در_برنامه_هفتم_پیشرفت#برنامه_عملیاتی_] AS a INNER JOIN [Report].[vw_Payments] AS b ON a.[ParentID] = b.[ParentID]
ParentID,ParentID,int,Report,vw_FB_شناسنامه_احکام_و_گزارش_عملکرد_سازمان_تامین_اجتماعی_در_برنامه_هفتم_پیشرفت#برنامه_عملیاتی_,Report,vw_FB_فرم_اقای_احمدی#child,SELECT * FROM [Report].[vw_FB_شناسنامه_احکام_و_گزارش_عملکرد_سازمان_تامین_اجتماعی_در_برنامه_هفتم_پیشرفت#برنامه_عملیاتی_] AS a INNER JOIN [Report].[vw_FB_فرم_اقای_احمدی#child] AS b ON a.[ParentID] = b.[ParentID]
ParentID,ParentID,int,Report,vw_FB_شناسنامه_احکام_و_گزارش_عملکرد_سازمان_تامین_اجتماعی_در_برنامه_هفتم_پیشرفت#برنامه_عملیاتی_,Report,vw_FB_فرم_اقای_احمدی,SELECT * FROM [Report].[vw_FB_شناسنامه_احکام_و_گزارش_عملکرد_سازمان_تامین_اجتماعی_در_برنامه_هفتم_پیشرفت#برنامه_عملیاتی_] AS a INNER JOIN [Report].[vw_FB_فرم_اقای_احمدی] AS b ON a.[ParentID] = b.[ParentID]
ParentID,ParentID,int,Report,vw_FB_شناسنامه_احکام_و_گزارش_عملکرد_سازمان_تامین_اجتماعی_در_برنامه_هفتم_پیشرفت#برنامه_عملیاتی_,Report,vw_WBS,SELECT * FROM [Report].[vw_FB_شناسنامه_احکام_و_گزارش_عملکرد_سازمان_تامین_اجتماعی_در_برنامه_هفتم_پیشرفت#برنامه_عملیاتی_] AS a INNER JOIN [Report].[vw_WBS] AS b ON a.[ParentID] = b.[ParentID]
ParentID,ParentId,int,Report,vw_FB_شناسنامه_احکام_و_گزارش_عملکرد_سازمان_تامین_اجتماعی_در_برنامه_هفتم_پیشرفت#برنامه_عملیاتی_,Report,vw_OrganUnitScurve,SELECT * FROM [Report].[vw_FB_شناسنامه_احکام_و_گزارش_عملکرد_سازمان_تامین_اجتماعی_در_برنامه_هفتم_پیشرفت#برنامه_عملیاتی_] AS a INNER JOIN [Report].[vw_OrganUnitScurve] AS b ON a.[ParentID] = b.[ParentId]
ParentID,ParentId,int,Report,vw_FB_شناسنامه_احکام_و_گزارش_عملکرد_سازمان_تامین_اجتماعی_در_برنامه_هفتم_پیشرفت#شناسنامه_حکم,Report,vw_OrganUnitScurve,SELECT * FROM [Report].[vw_FB_شناسنامه_احکام_و_گزارش_عملکرد_سازمان_تامین_اجتماعی_در_برنامه_هفتم_پیشرفت#شناسنامه_حکم] AS a INNER JOIN [Report].[vw_OrganUnitScurve] AS b ON a.[ParentID] = b.[ParentId]
ParentID,ParentID,int,Report,vw_FB_شناسنامه_احکام_و_گزارش_عملکرد_سازمان_تامین_اجتماعی_در_برنامه_هفتم_پیشرفت#شناسنامه_حکم,Report,vw_WBS,SELECT * FROM [Report].[vw_FB_شناسنامه_احکام_و_گزارش_عملکرد_سازمان_تامین_اجتماعی_در_برنامه_هفتم_پیشرفت#شناسنامه_حکم] AS a INNER JOIN [Report].[vw_WBS] AS b ON a.[ParentID] = b.[ParentID]
ParentID,ParentID,int,Report,vw_FB_شناسنامه_احکام_و_گزارش_عملکرد_سازمان_تامین_اجتماعی_در_برنامه_هفتم_پیشرفت#شناسنامه_حکم,Report,vw_FB_فرم_اقای_احمدی#child,SELECT * FROM [Report].[vw_FB_شناسنامه_احکام_و_گزارش_عملکرد_سازمان_تامین_اجتماعی_در_برنامه_هفتم_پیشرفت#شناسنامه_حکم] AS a INNER JOIN [Report].[vw_FB_فرم_اقای_احمدی#child] AS b ON a.[ParentID] = b.[ParentID]
ParentID,ParentID,int,Report,vw_FB_شناسنامه_احکام_و_گزارش_عملکرد_سازمان_تامین_اجتماعی_در_برنامه_هفتم_پیشرفت#شناسنامه_حکم,Report,vw_Payments,SELECT * FROM [Report].[vw_FB_شناسنامه_احکام_و_گزارش_عملکرد_سازمان_تامین_اجتماعی_در_برنامه_هفتم_پیشرفت#شناسنامه_حکم] AS a INNER JOIN [Report].[vw_Payments] AS b ON a.[ParentID] = b.[ParentID]
ParentID,ParentID,int,Report,vw_FB_شناسنامه_احکام_و_گزارش_عملکرد_سازمان_تامین_اجتماعی_در_برنامه_هفتم_پیشرفت#شناسنامه_حکم,Report,vw_OrganizationUnit,SELECT * FROM [Report].[vw_FB_شناسنامه_احکام_و_گزارش_عملکرد_سازمان_تامین_اجتماعی_در_برنامه_هفتم_پیشرفت#شناسنامه_حکم] AS a INNER JOIN [Report].[vw_OrganizationUnit] AS b ON a.[ParentID] = b.[ParentID]
ParentID,ParentID,int,Report,vw_FB_شناسنامه_احکام_و_گزارش_عملکرد_سازمان_تامین_اجتماعی_در_برنامه_هفتم_پیشرفت#شناسنامه_حکم,Report,vw_Risks,SELECT * FROM [Report].[vw_FB_شناسنامه_احکام_و_گزارش_عملکرد_سازمان_تامین_اجتماعی_در_برنامه_هفتم_پیشرفت#شناسنامه_حکم] AS a INNER JOIN [Report].[vw_Risks] AS b ON a.[ParentID] = b.[ParentID]
ParentID,ParentID,int,Report,vw_FB_شناسنامه_احکام_و_گزارش_عملکرد_سازمان_تامین_اجتماعی_در_برنامه_هفتم_پیشرفت#شناسنامه_حکم,Report,vw_Issues,SELECT * FROM [Report].[vw_FB_شناسنامه_احکام_و_گزارش_عملکرد_سازمان_تامین_اجتماعی_در_برنامه_هفتم_پیشرفت#شناسنامه_حکم] AS a INNER JOIN [Report].[vw_Issues] AS b ON a.[ParentID] = b.[ParentID]
ParentID,ParentID,int,Report,vw_FB_شناسنامه_احکام_و_گزارش_عملکرد_سازمان_تامین_اجتماعی_در_برنامه_هفتم_پیشرفت#شناسنامه_حکم,Report,vw_FB_شناسنامه_احکام_و_گزارش_عملکرد_سازمان_تامین_اجتماعی_در_برنامه_هفتم_پیشرفت#واحد_متولی_معاونت,SELECT * FROM [Report].[vw_FB_شناسنامه_احکام_و_گزارش_عملکرد_سازمان_تامین_اجتماعی_در_برنامه_هفتم_پیشرفت#شناسنامه_حکم] AS a INNER JOIN [Report].[vw_FB_شناسنامه_احکام_و_گزارش_عملکرد_سازمان_تامین_اجتماعی_در_برنامه_هفتم_پیشرفت#واحد_متولی_معاونت] AS b ON a.[ParentID] = b.[ParentID]
ParentID,ParentID,int,Report,vw_FB_شناسنامه_احکام_و_گزارش_عملکرد_سازمان_تامین_اجتماعی_در_برنامه_هفتم_پیشرفت#شناسنامه_حکم,Report,vw_FB_شناسنامه_احکام_و_گزارش_عملکرد_سازمان_تامین_اجتماعی_در_برنامه_هفتم_پیشرفت#هدف_کمی,SELECT * FROM [Report].[vw_FB_شناسنامه_احکام_و_گزارش_عملکرد_سازمان_تامین_اجتماعی_در_برنامه_هفتم_پیشرفت#شناسنامه_حکم] AS a INNER JOIN [Report].[vw_FB_شناسنامه_احکام_و_گزارش_عملکرد_سازمان_تامین_اجتماعی_در_برنامه_هفتم_پیشرفت#هدف_کمی] AS b ON a.[ParentID] = b.[ParentID]
ParentID,ParentID,int,Report,vw_FB_شناسنامه_احکام_و_گزارش_عملکرد_سازمان_تامین_اجتماعی_در_برنامه_هفتم_پیشرفت#شناسنامه_حکم,Report,vw_FB_فرم_آپلود_فایل,SELECT * FROM [Report].[vw_FB_شناسنامه_احکام_و_گزارش_عملکرد_سازمان_تامین_اجتماعی_در_برنامه_هفتم_پیشرفت#شناسنامه_حکم] AS a INNER JOIN [Report].[vw_FB_فرم_آپلود_فایل] AS b ON a.[ParentID] = b.[ParentID]
ParentID,ParentID,int,Report,vw_FB_شناسنامه_احکام_و_گزارش_عملکرد_سازمان_تامین_اجتماعی_در_برنامه_هفتم_پیشرفت#شناسنامه_حکم,Report,vw_FB_فرم_برنامه_هفتم#هدف_کمی,SELECT * FROM [Report].[vw_FB_شناسنامه_احکام_و_گزارش_عملکرد_سازمان_تامین_اجتماعی_در_برنامه_هفتم_پیشرفت#شناسنامه_حکم] AS a INNER JOIN [Report].[vw_FB_فرم_برنامه_هفتم#هدف_کمی] AS b ON a.[ParentID] = b.[ParentID]
ParentID,ParentID,int,Report,vw_FB_شناسنامه_احکام_و_گزارش_عملکرد_سازمان_تامین_اجتماعی_در_برنامه_هفتم_پیشرفت#شناسنامه_حکم,Report,vw_FB_فرم_برنامه_هفتم,SELECT * FROM [Report].[vw_FB_شناسنامه_احکام_و_گزارش_عملکرد_سازمان_تامین_اجتماعی_در_برنامه_هفتم_پیشرفت#شناسنامه_حکم] AS a INNER JOIN [Report].[vw_FB_فرم_برنامه_هفتم] AS b ON a.[ParentID] = b.[ParentID]
ParentID,ParentID,int,Report,vw_FB_شناسنامه_احکام_و_گزارش_عملکرد_سازمان_تامین_اجتماعی_در_برنامه_هفتم_پیشرفت#شناسنامه_حکم,Report,vw_FB_فرم_برنامه_هفتم#عملکرد_حکم,SELECT * FROM [Report].[vw_FB_شناسنامه_احکام_و_گزارش_عملکرد_سازمان_تامین_اجتماعی_در_برنامه_هفتم_پیشرفت#شناسنامه_حکم] AS a INNER JOIN [Report].[vw_FB_فرم_برنامه_هفتم#عملکرد_حکم] AS b ON a.[ParentID] = b.[ParentID]
ParentID,ParentID,int,Report,vw_FB_شناسنامه_احکام_و_گزارش_عملکرد_سازمان_تامین_اجتماعی_در_برنامه_هفتم_پیشرفت#شناسنامه_حکم,Report,vw_FB_فرم_اقای_احمدی,SELECT * FROM [Report].[vw_FB_شناسنامه_احکام_و_گزارش_عملکرد_سازمان_تامین_اجتماعی_در_برنامه_هفتم_پیشرفت#شناسنامه_حکم] AS a INNER JOIN [Report].[vw_FB_فرم_اقای_احمدی] AS b ON a.[ParentID] = b.[ParentID]
ParentID,ParentID,int,Report,vw_FB_شناسنامه_احکام_و_گزارش_عملکرد_سازمان_تامین_اجتماعی_در_برنامه_هفتم_پیشرفت#شناسنامه_حکم,Report,vw_FB_فرم_برنامه_هفتم#عنوان_برنامه_عملیاتی,SELECT * FROM [Report].[vw_FB_شناسنامه_احکام_و_گزارش_عملکرد_سازمان_تامین_اجتماعی_در_برنامه_هفتم_پیشرفت#شناسنامه_حکم] AS a INNER JOIN [Report].[vw_FB_فرم_برنامه_هفتم#عنوان_برنامه_عملیاتی] AS b ON a.[ParentID] = b.[ParentID]
ParentID,ParentID,int,Report,vw_FB_شناسنامه_احکام_و_گزارش_عملکرد_سازمان_تامین_اجتماعی_در_برنامه_هفتم_پیشرفت#شناسنامه_حکم,Report,vw_Projects,SELECT * FROM [Report].[vw_FB_شناسنامه_احکام_و_گزارش_عملکرد_سازمان_تامین_اجتماعی_در_برنامه_هفتم_پیشرفت#شناسنامه_حکم] AS a INNER JOIN [Report].[vw_Projects] AS b ON a.[ParentID] = b.[ParentID]
ParentID,ParentID,int,Report,vw_FB_شناسنامه_احکام_و_گزارش_عملکرد_سازمان_تامین_اجتماعی_در_برنامه_هفتم_پیشرفت#هدف_کمی,Report,vw_Projects,SELECT * FROM [Report].[vw_FB_شناسنامه_احکام_و_گزارش_عملکرد_سازمان_تامین_اجتماعی_در_برنامه_هفتم_پیشرفت#هدف_کمی] AS a INNER JOIN [Report].[vw_Projects] AS b ON a.[ParentID] = b.[ParentID]
ParentID,ParentID,int,Report,vw_FB_شناسنامه_احکام_و_گزارش_عملکرد_سازمان_تامین_اجتماعی_در_برنامه_هفتم_پیشرفت#هدف_کمی,Report,vw_FB_فرم_برنامه_هفتم#عنوان_برنامه_عملیاتی,SELECT * FROM [Report].[vw_FB_شناسنامه_احکام_و_گزارش_عملکرد_سازمان_تامین_اجتماعی_در_برنامه_هفتم_پیشرفت#هدف_کمی] AS a INNER JOIN [Report].[vw_FB_فرم_برنامه_هفتم#عنوان_برنامه_عملیاتی] AS b ON a.[ParentID] = b.[ParentID]
ParentID,ParentID,int,Report,vw_FB_شناسنامه_احکام_و_گزارش_عملکرد_سازمان_تامین_اجتماعی_در_برنامه_هفتم_پیشرفت#هدف_کمی,Report,vw_FB_فرم_برنامه_هفتم#هدف_کمی,SELECT * FROM [Report].[vw_FB_شناسنامه_احکام_و_گزارش_عملکرد_سازمان_تامین_اجتماعی_در_برنامه_هفتم_پیشرفت#هدف_کمی] AS a INNER JOIN [Report].[vw_FB_فرم_برنامه_هفتم#هدف_کمی] AS b ON a.[ParentID] = b.[ParentID]
ParentID,ParentID,int,Report,vw_FB_شناسنامه_احکام_و_گزارش_عملکرد_سازمان_تامین_اجتماعی_در_برنامه_هفتم_پیشرفت#هدف_کمی,Report,vw_FB_فرم_برنامه_هفتم#عملکرد_حکم,SELECT * FROM [Report].[vw_FB_شناسنامه_احکام_و_گزارش_عملکرد_سازمان_تامین_اجتماعی_در_برنامه_هفتم_پیشرفت#هدف_کمی] AS a INNER JOIN [Report].[vw_FB_فرم_برنامه_هفتم#عملکرد_حکم] AS b ON a.[ParentID] = b.[ParentID]
ParentID,ParentID,int,Report,vw_FB_شناسنامه_احکام_و_گزارش_عملکرد_سازمان_تامین_اجتماعی_در_برنامه_هفتم_پیشرفت#هدف_کمی,Report,vw_FB_فرم_برنامه_هفتم,SELECT * FROM [Report].[vw_FB_شناسنامه_احکام_و_گزارش_عملکرد_سازمان_تامین_اجتماعی_در_برنامه_هفتم_پیشرفت#هدف_کمی] AS a INNER JOIN [Report].[vw_FB_فرم_برنامه_هفتم] AS b ON a.[ParentID] = b.[ParentID]
ParentID,ParentID,int,Report,vw_FB_شناسنامه_احکام_و_گزارش_عملکرد_سازمان_تامین_اجتماعی_در_برنامه_هفتم_پیشرفت#هدف_کمی,Report,vw_FB_فرم_آپلود_فایل,SELECT * FROM [Report].[vw_FB_شناسنامه_احکام_و_گزارش_عملکرد_سازمان_تامین_اجتماعی_در_برنامه_هفتم_پیشرفت#هدف_کمی] AS a INNER JOIN [Report].[vw_FB_فرم_آپلود_فایل] AS b ON a.[ParentID] = b.[ParentID]
ParentID,ParentID,int,Report,vw_FB_شناسنامه_احکام_و_گزارش_عملکرد_سازمان_تامین_اجتماعی_در_برنامه_هفتم_پیشرفت#هدف_کمی,Report,vw_FB_شناسنامه_احکام_و_گزارش_عملکرد_سازمان_تامین_اجتماعی_در_برنامه_هفتم_پیشرفت#واحد_متولی_معاونت,SELECT * FROM [Report].[vw_FB_شناسنامه_احکام_و_گزارش_عملکرد_سازمان_تامین_اجتماعی_در_برنامه_هفتم_پیشرفت#هدف_کمی] AS a INNER JOIN [Report].[vw_FB_شناسنامه_احکام_و_گزارش_عملکرد_سازمان_تامین_اجتماعی_در_برنامه_هفتم_پیشرفت#واحد_متولی_معاونت] AS b ON a.[ParentID] = b.[ParentID]
ParentID,ParentID,int,Report,vw_FB_شناسنامه_احکام_و_گزارش_عملکرد_سازمان_تامین_اجتماعی_در_برنامه_هفتم_پیشرفت#هدف_کمی,Report,vw_Risks,SELECT * FROM [Report].[vw_FB_شناسنامه_احکام_و_گزارش_عملکرد_سازمان_تامین_اجتماعی_در_برنامه_هفتم_پیشرفت#هدف_کمی] AS a INNER JOIN [Report].[vw_Risks] AS b ON a.[ParentID] = b.[ParentID]
ParentID,ParentID,int,Report,vw_FB_شناسنامه_احکام_و_گزارش_عملکرد_سازمان_تامین_اجتماعی_در_برنامه_هفتم_پیشرفت#هدف_کمی,Report,vw_OrganizationUnit,SELECT * FROM [Report].[vw_FB_شناسنامه_احکام_و_گزارش_عملکرد_سازمان_تامین_اجتماعی_در_برنامه_هفتم_پیشرفت#هدف_کمی] AS a INNER JOIN [Report].[vw_OrganizationUnit] AS b ON a.[ParentID] = b.[ParentID]
ParentID,ParentID,int,Report,vw_FB_شناسنامه_احکام_و_گزارش_عملکرد_سازمان_تامین_اجتماعی_در_برنامه_هفتم_پیشرفت#هدف_کمی,Report,vw_Issues,SELECT * FROM [Report].[vw_FB_شناسنامه_احکام_و_گزارش_عملکرد_سازمان_تامین_اجتماعی_در_برنامه_هفتم_پیشرفت#هدف_کمی] AS a INNER JOIN [Report].[vw_Issues] AS b ON a.[ParentID] = b.[ParentID]
ParentID,ParentID,int,Report,vw_FB_شناسنامه_احکام_و_گزارش_عملکرد_سازمان_تامین_اجتماعی_در_برنامه_هفتم_پیشرفت#هدف_کمی,Report,vw_Payments,SELECT * FROM [Report].[vw_FB_شناسنامه_احکام_و_گزارش_عملکرد_سازمان_تامین_اجتماعی_در_برنامه_هفتم_پیشرفت#هدف_کمی] AS a INNER JOIN [Report].[vw_Payments] AS b ON a.[ParentID] = b.[ParentID]
ParentID,ParentID,int,Report,vw_FB_شناسنامه_احکام_و_گزارش_عملکرد_سازمان_تامین_اجتماعی_در_برنامه_هفتم_پیشرفت#هدف_کمی,Report,vw_FB_فرم_اقای_احمدی,SELECT * FROM [Report].[vw_FB_شناسنامه_احکام_و_گزارش_عملکرد_سازمان_تامین_اجتماعی_در_برنامه_هفتم_پیشرفت#هدف_کمی] AS a INNER JOIN [Report].[vw_FB_فرم_اقای_احمدی] AS b ON a.[ParentID] = b.[ParentID]
ParentID,ParentID,int,Report,vw_FB_شناسنامه_احکام_و_گزارش_عملکرد_سازمان_تامین_اجتماعی_در_برنامه_هفتم_پیشرفت#هدف_کمی,Report,vw_FB_فرم_اقای_احمدی#child,SELECT * FROM [Report].[vw_FB_شناسنامه_احکام_و_گزارش_عملکرد_سازمان_تامین_اجتماعی_در_برنامه_هفتم_پیشرفت#هدف_کمی] AS a INNER JOIN [Report].[vw_FB_فرم_اقای_احمدی#child] AS b ON a.[ParentID] = b.[ParentID]
ParentID,ParentID,int,Report,vw_FB_شناسنامه_احکام_و_گزارش_عملکرد_سازمان_تامین_اجتماعی_در_برنامه_هفتم_پیشرفت#هدف_کمی,Report,vw_WBS,SELECT * FROM [Report].[vw_FB_شناسنامه_احکام_و_گزارش_عملکرد_سازمان_تامین_اجتماعی_در_برنامه_هفتم_پیشرفت#هدف_کمی] AS a INNER JOIN [Report].[vw_WBS] AS b ON a.[ParentID] = b.[ParentID]
ParentID,ParentId,int,Report,vw_FB_شناسنامه_احکام_و_گزارش_عملکرد_سازمان_تامین_اجتماعی_در_برنامه_هفتم_پیشرفت#هدف_کمی,Report,vw_OrganUnitScurve,SELECT * FROM [Report].[vw_FB_شناسنامه_احکام_و_گزارش_عملکرد_سازمان_تامین_اجتماعی_در_برنامه_هفتم_پیشرفت#هدف_کمی] AS a INNER JOIN [Report].[vw_OrganUnitScurve] AS b ON a.[ParentID] = b.[ParentId]
ParentID,ParentId,int,Report,vw_FB_شناسنامه_احکام_و_گزارش_عملکرد_سازمان_تامین_اجتماعی_در_برنامه_هفتم_پیشرفت#واحد_متولی_معاونت,Report,vw_OrganUnitScurve,SELECT * FROM [Report].[vw_FB_شناسنامه_احکام_و_گزارش_عملکرد_سازمان_تامین_اجتماعی_در_برنامه_هفتم_پیشرفت#واحد_متولی_معاونت] AS a INNER JOIN [Report].[vw_OrganUnitScurve] AS b ON a.[ParentID] = b.[ParentId]
ParentID,ParentID,int,Report,vw_FB_شناسنامه_احکام_و_گزارش_عملکرد_سازمان_تامین_اجتماعی_در_برنامه_هفتم_پیشرفت#واحد_متولی_معاونت,Report,vw_WBS,SELECT * FROM [Report].[vw_FB_شناسنامه_احکام_و_گزارش_عملکرد_سازمان_تامین_اجتماعی_در_برنامه_هفتم_پیشرفت#واحد_متولی_معاونت] AS a INNER JOIN [Report].[vw_WBS] AS b ON a.[ParentID] = b.[ParentID]
ParentID,ParentID,int,Report,vw_FB_شناسنامه_احکام_و_گزارش_عملکرد_سازمان_تامین_اجتماعی_در_برنامه_هفتم_پیشرفت#واحد_متولی_معاونت,Report,vw_FB_فرم_اقای_احمدی#child,SELECT * FROM [Report].[vw_FB_شناسنامه_احکام_و_گزارش_عملکرد_سازمان_تامین_اجتماعی_در_برنامه_هفتم_پیشرفت#واحد_متولی_معاونت] AS a INNER JOIN [Report].[vw_FB_فرم_اقای_احمدی#child] AS b ON a.[ParentID] = b.[ParentID]
ParentID,ParentID,int,Report,vw_FB_شناسنامه_احکام_و_گزارش_عملکرد_سازمان_تامین_اجتماعی_در_برنامه_هفتم_پیشرفت#واحد_متولی_معاونت,Report,vw_FB_فرم_اقای_احمدی,SELECT * FROM [Report].[vw_FB_شناسنامه_احکام_و_گزارش_عملکرد_سازمان_تامین_اجتماعی_در_برنامه_هفتم_پیشرفت#واحد_متولی_معاونت] AS a INNER JOIN [Report].[vw_FB_فرم_اقای_احمدی] AS b ON a.[ParentID] = b.[ParentID]
ParentID,ParentID,int,Report,vw_FB_شناسنامه_احکام_و_گزارش_عملکرد_سازمان_تامین_اجتماعی_در_برنامه_هفتم_پیشرفت#واحد_متولی_معاونت,Report,vw_Payments,SELECT * FROM [Report].[vw_FB_شناسنامه_احکام_و_گزارش_عملکرد_سازمان_تامین_اجتماعی_در_برنامه_هفتم_پیشرفت#واحد_متولی_معاونت] AS a INNER JOIN [Report].[vw_Payments] AS b ON a.[ParentID] = b.[ParentID]
ParentID,ParentID,int,Report,vw_FB_شناسنامه_احکام_و_گزارش_عملکرد_سازمان_تامین_اجتماعی_در_برنامه_هفتم_پیشرفت#واحد_متولی_معاونت,Report,vw_Issues,SELECT * FROM [Report].[vw_FB_شناسنامه_احکام_و_گزارش_عملکرد_سازمان_تامین_اجتماعی_در_برنامه_هفتم_پیشرفت#واحد_متولی_معاونت] AS a INNER JOIN [Report].[vw_Issues] AS b ON a.[ParentID] = b.[ParentID]
ParentID,ParentID,int,Report,vw_FB_شناسنامه_احکام_و_گزارش_عملکرد_سازمان_تامین_اجتماعی_در_برنامه_هفتم_پیشرفت#واحد_متولی_معاونت,Report,vw_OrganizationUnit,SELECT * FROM [Report].[vw_FB_شناسنامه_احکام_و_گزارش_عملکرد_سازمان_تامین_اجتماعی_در_برنامه_هفتم_پیشرفت#واحد_متولی_معاونت] AS a INNER JOIN [Report].[vw_OrganizationUnit] AS b ON a.[ParentID] = b.[ParentID]
ParentID,ParentID,int,Report,vw_FB_شناسنامه_احکام_و_گزارش_عملکرد_سازمان_تامین_اجتماعی_در_برنامه_هفتم_پیشرفت#واحد_متولی_معاونت,Report,vw_Risks,SELECT * FROM [Report].[vw_FB_شناسنامه_احکام_و_گزارش_عملکرد_سازمان_تامین_اجتماعی_در_برنامه_هفتم_پیشرفت#واحد_متولی_معاونت] AS a INNER JOIN [Report].[vw_Risks] AS b ON a.[ParentID] = b.[ParentID]
ParentID,ParentID,int,Report,vw_FB_شناسنامه_احکام_و_گزارش_عملکرد_سازمان_تامین_اجتماعی_در_برنامه_هفتم_پیشرفت#واحد_متولی_معاونت,Report,vw_FB_فرم_آپلود_فایل,SELECT * FROM [Report].[vw_FB_شناسنامه_احکام_و_گزارش_عملکرد_سازمان_تامین_اجتماعی_در_برنامه_هفتم_پیشرفت#واحد_متولی_معاونت] AS a INNER JOIN [Report].[vw_FB_فرم_آپلود_فایل] AS b ON a.[ParentID] = b.[ParentID]
ParentID,ParentID,int,Report,vw_FB_شناسنامه_احکام_و_گزارش_عملکرد_سازمان_تامین_اجتماعی_در_برنامه_هفتم_پیشرفت#واحد_متولی_معاونت,Report,vw_FB_فرم_برنامه_هفتم,SELECT * FROM [Report].[vw_FB_شناسنامه_احکام_و_گزارش_عملکرد_سازمان_تامین_اجتماعی_در_برنامه_هفتم_پیشرفت#واحد_متولی_معاونت] AS a INNER JOIN [Report].[vw_FB_فرم_برنامه_هفتم] AS b ON a.[ParentID] = b.[ParentID]
ParentID,ParentID,int,Report,vw_FB_شناسنامه_احکام_و_گزارش_عملکرد_سازمان_تامین_اجتماعی_در_برنامه_هفتم_پیشرفت#واحد_متولی_معاونت,Report,vw_FB_فرم_برنامه_هفتم#عملکرد_حکم,SELECT * FROM [Report].[vw_FB_شناسنامه_احکام_و_گزارش_عملکرد_سازمان_تامین_اجتماعی_در_برنامه_هفتم_پیشرفت#واحد_متولی_معاونت] AS a INNER JOIN [Report].[vw_FB_فرم_برنامه_هفتم#عملکرد_حکم] AS b ON a.[ParentID] = b.[ParentID]
ParentID,ParentID,int,Report,vw_FB_شناسنامه_احکام_و_گزارش_عملکرد_سازمان_تامین_اجتماعی_در_برنامه_هفتم_پیشرفت#واحد_متولی_معاونت,Report,vw_FB_فرم_برنامه_هفتم#هدف_کمی,SELECT * FROM [Report].[vw_FB_شناسنامه_احکام_و_گزارش_عملکرد_سازمان_تامین_اجتماعی_در_برنامه_هفتم_پیشرفت#واحد_متولی_معاونت] AS a INNER JOIN [Report].[vw_FB_فرم_برنامه_هفتم#هدف_کمی] AS b ON a.[ParentID] = b.[ParentID]
ParentID,ParentID,int,Report,vw_FB_شناسنامه_احکام_و_گزارش_عملکرد_سازمان_تامین_اجتماعی_در_برنامه_هفتم_پیشرفت#واحد_متولی_معاونت,Report,vw_FB_فرم_برنامه_هفتم#عنوان_برنامه_عملیاتی,SELECT * FROM [Report].[vw_FB_شناسنامه_احکام_و_گزارش_عملکرد_سازمان_تامین_اجتماعی_در_برنامه_هفتم_پیشرفت#واحد_متولی_معاونت] AS a INNER JOIN [Report].[vw_FB_فرم_برنامه_هفتم#عنوان_برنامه_عملیاتی] AS b ON a.[ParentID] = b.[ParentID]
ParentID,ParentID,int,Report,vw_FB_شناسنامه_احکام_و_گزارش_عملکرد_سازمان_تامین_اجتماعی_در_برنامه_هفتم_پیشرفت#واحد_متولی_معاونت,Report,vw_Projects,SELECT * FROM [Report].[vw_FB_شناسنامه_احکام_و_گزارش_عملکرد_سازمان_تامین_اجتماعی_در_برنامه_هفتم_پیشرفت#واحد_متولی_معاونت] AS a INNER JOIN [Report].[vw_Projects] AS b ON a.[ParentID] = b.[ParentID]
ParentID,ParentID,int,Report,vw_FB_فرم_آپلود_فایل,Report,vw_Projects,SELECT * FROM [Report].[vw_FB_فرم_آپلود_فایل] AS a INNER JOIN [Report].[vw_Projects] AS b ON a.[ParentID] = b.[ParentID]
ParentID,ParentID,int,Report,vw_FB_فرم_آپلود_فایل,Report,vw_FB_فرم_برنامه_هفتم#عنوان_برنامه_عملیاتی,SELECT * FROM [Report].[vw_FB_فرم_آپلود_فایل] AS a INNER JOIN [Report].[vw_FB_فرم_برنامه_هفتم#عنوان_برنامه_عملیاتی] AS b ON a.[ParentID] = b.[ParentID]
ParentID,ParentID,int,Report,vw_FB_فرم_آپلود_فایل,Report,vw_FB_فرم_برنامه_هفتم#عملکرد_حکم,SELECT * FROM [Report].[vw_FB_فرم_آپلود_فایل] AS a INNER JOIN [Report].[vw_FB_فرم_برنامه_هفتم#عملکرد_حکم] AS b ON a.[ParentID] = b.[ParentID]
ParentID,ParentID,int,Report,vw_FB_فرم_آپلود_فایل,Report,vw_FB_فرم_اقای_احمدی,SELECT * FROM [Report].[vw_FB_فرم_آپلود_فایل] AS a INNER JOIN [Report].[vw_FB_فرم_اقای_احمدی] AS b ON a.[ParentID] = b.[ParentID]
ParentID,ParentID,int,Report,vw_FB_فرم_آپلود_فایل,Report,vw_FB_فرم_برنامه_هفتم#هدف_کمی,SELECT * FROM [Report].[vw_FB_فرم_آپلود_فایل] AS a INNER JOIN [Report].[vw_FB_فرم_برنامه_هفتم#هدف_کمی] AS b ON a.[ParentID] = b.[ParentID]
ParentID,ParentID,int,Report,vw_FB_فرم_آپلود_فایل,Report,vw_FB_فرم_برنامه_هفتم,SELECT * FROM [Report].[vw_FB_فرم_آپلود_فایل] AS a INNER JOIN [Report].[vw_FB_فرم_برنامه_هفتم] AS b ON a.[ParentID] = b.[ParentID]
ParentID,ParentID,int,Report,vw_FB_فرم_آپلود_فایل,Report,vw_Risks,SELECT * FROM [Report].[vw_FB_فرم_آپلود_فایل] AS a INNER JOIN [Report].[vw_Risks] AS b ON a.[ParentID] = b.[ParentID]
ParentID,ParentID,int,Report,vw_FB_فرم_آپلود_فایل,Report,vw_Issues,SELECT * FROM [Report].[vw_FB_فرم_آپلود_فایل] AS a INNER JOIN [Report].[vw_Issues] AS b ON a.[ParentID] = b.[ParentID]
ParentID,ParentID,int,Report,vw_FB_فرم_آپلود_فایل,Report,vw_OrganizationUnit,SELECT * FROM [Report].[vw_FB_فرم_آپلود_فایل] AS a INNER JOIN [Report].[vw_OrganizationUnit] AS b ON a.[ParentID] = b.[ParentID]
ParentID,ParentID,int,Report,vw_FB_فرم_آپلود_فایل,Report,vw_Payments,SELECT * FROM [Report].[vw_FB_فرم_آپلود_فایل] AS a INNER JOIN [Report].[vw_Payments] AS b ON a.[ParentID] = b.[ParentID]
ParentID,ParentID,int,Report,vw_FB_فرم_آپلود_فایل,Report,vw_FB_فرم_اقای_احمدی#child,SELECT * FROM [Report].[vw_FB_فرم_آپلود_فایل] AS a INNER JOIN [Report].[vw_FB_فرم_اقای_احمدی#child] AS b ON a.[ParentID] = b.[ParentID]
ParentID,ParentID,int,Report,vw_FB_فرم_آپلود_فایل,Report,vw_WBS,SELECT * FROM [Report].[vw_FB_فرم_آپلود_فایل] AS a INNER JOIN [Report].[vw_WBS] AS b ON a.[ParentID] = b.[ParentID]
ParentID,ParentId,int,Report,vw_FB_فرم_آپلود_فایل,Report,vw_OrganUnitScurve,SELECT * FROM [Report].[vw_FB_فرم_آپلود_فایل] AS a INNER JOIN [Report].[vw_OrganUnitScurve] AS b ON a.[ParentID] = b.[ParentId]
ParentID,ParentId,int,Report,vw_FB_فرم_اقای_احمدی,Report,vw_OrganUnitScurve,SELECT * FROM [Report].[vw_FB_فرم_اقای_احمدی] AS a INNER JOIN [Report].[vw_OrganUnitScurve] AS b ON a.[ParentID] = b.[ParentId]
ParentID,ParentID,int,Report,vw_FB_فرم_اقای_احمدی,Report,vw_WBS,SELECT * FROM [Report].[vw_FB_فرم_اقای_احمدی] AS a INNER JOIN [Report].[vw_WBS] AS b ON a.[ParentID] = b.[ParentID]
ParentID,ParentID,int,Report,vw_FB_فرم_اقای_احمدی,Report,vw_FB_فرم_اقای_احمدی#child,SELECT * FROM [Report].[vw_FB_فرم_اقای_احمدی] AS a INNER JOIN [Report].[vw_FB_فرم_اقای_احمدی#child] AS b ON a.[ParentID] = b.[ParentID]
ParentID,ParentID,int,Report,vw_FB_فرم_اقای_احمدی,Report,vw_Payments,SELECT * FROM [Report].[vw_FB_فرم_اقای_احمدی] AS a INNER JOIN [Report].[vw_Payments] AS b ON a.[ParentID] = b.[ParentID]
ParentID,ParentID,int,Report,vw_FB_فرم_اقای_احمدی,Report,vw_OrganizationUnit,SELECT * FROM [Report].[vw_FB_فرم_اقای_احمدی] AS a INNER JOIN [Report].[vw_OrganizationUnit] AS b ON a.[ParentID] = b.[ParentID]
ParentID,ParentID,int,Report,vw_FB_فرم_اقای_احمدی,Report,vw_Issues,SELECT * FROM [Report].[vw_FB_فرم_اقای_احمدی] AS a INNER JOIN [Report].[vw_Issues] AS b ON a.[ParentID] = b.[ParentID]
ParentID,ParentID,int,Report,vw_FB_فرم_اقای_احمدی,Report,vw_Risks,SELECT * FROM [Report].[vw_FB_فرم_اقای_احمدی] AS a INNER JOIN [Report].[vw_Risks] AS b ON a.[ParentID] = b.[ParentID]
ParentID,ParentID,int,Report,vw_FB_فرم_اقای_احمدی,Report,vw_FB_فرم_برنامه_هفتم,SELECT * FROM [Report].[vw_FB_فرم_اقای_احمدی] AS a INNER JOIN [Report].[vw_FB_فرم_برنامه_هفتم] AS b ON a.[ParentID] = b.[ParentID]
ParentID,ParentID,int,Report,vw_FB_فرم_اقای_احمدی,Report,vw_FB_فرم_برنامه_هفتم#عملکرد_حکم,SELECT * FROM [Report].[vw_FB_فرم_اقای_احمدی] AS a INNER JOIN [Report].[vw_FB_فرم_برنامه_هفتم#عملکرد_حکم] AS b ON a.[ParentID] = b.[ParentID]
ParentID,ParentID,int,Report,vw_FB_فرم_اقای_احمدی,Report,vw_FB_فرم_برنامه_هفتم#عنوان_برنامه_عملیاتی,SELECT * FROM [Report].[vw_FB_فرم_اقای_احمدی] AS a INNER JOIN [Report].[vw_FB_فرم_برنامه_هفتم#عنوان_برنامه_عملیاتی] AS b ON a.[ParentID] = b.[ParentID]
ParentID,ParentID,int,Report,vw_FB_فرم_اقای_احمدی,Report,vw_FB_فرم_برنامه_هفتم#هدف_کمی,SELECT * FROM [Report].[vw_FB_فرم_اقای_احمدی] AS a INNER JOIN [Report].[vw_FB_فرم_برنامه_هفتم#هدف_کمی] AS b ON a.[ParentID] = b.[ParentID]
ParentID,ParentID,int,Report,vw_FB_فرم_اقای_احمدی,Report,vw_Projects,SELECT * FROM [Report].[vw_FB_فرم_اقای_احمدی] AS a INNER JOIN [Report].[vw_Projects] AS b ON a.[ParentID] = b.[ParentID]
ParentID,ParentID,int,Report,vw_FB_فرم_اقای_احمدی#child,Report,vw_Projects,SELECT * FROM [Report].[vw_FB_فرم_اقای_احمدی#child] AS a INNER JOIN [Report].[vw_Projects] AS b ON a.[ParentID] = b.[ParentID]
ParentID,ParentID,int,Report,vw_FB_فرم_اقای_احمدی#child,Report,vw_FB_فرم_برنامه_هفتم#عنوان_برنامه_عملیاتی,SELECT * FROM [Report].[vw_FB_فرم_اقای_احمدی#child] AS a INNER JOIN [Report].[vw_FB_فرم_برنامه_هفتم#عنوان_برنامه_عملیاتی] AS b ON a.[ParentID] = b.[ParentID]
ParentID,ParentID,int,Report,vw_FB_فرم_اقای_احمدی#child,Report,vw_FB_فرم_برنامه_هفتم#عملکرد_حکم,SELECT * FROM [Report].[vw_FB_فرم_اقای_احمدی#child] AS a INNER JOIN [Report].[vw_FB_فرم_برنامه_هفتم#عملکرد_حکم] AS b ON a.[ParentID] = b.[ParentID]
ParentID,ParentID,int,Report,vw_FB_فرم_اقای_احمدی#child,Report,vw_FB_فرم_برنامه_هفتم,SELECT * FROM [Report].[vw_FB_فرم_اقای_احمدی#child] AS a INNER JOIN [Report].[vw_FB_فرم_برنامه_هفتم] AS b ON a.[ParentID] = b.[ParentID]
ParentID,ParentID,int,Report,vw_FB_فرم_اقای_احمدی#child,Report,vw_FB_فرم_برنامه_هفتم#هدف_کمی,SELECT * FROM [Report].[vw_FB_فرم_اقای_احمدی#child] AS a INNER JOIN [Report].[vw_FB_فرم_برنامه_هفتم#هدف_کمی] AS b ON a.[ParentID] = b.[ParentID]
ParentID,ParentID,int,Report,vw_FB_فرم_اقای_احمدی#child,Report,vw_Risks,SELECT * FROM [Report].[vw_FB_فرم_اقای_احمدی#child] AS a INNER JOIN [Report].[vw_Risks] AS b ON a.[ParentID] = b.[ParentID]
ParentID,ParentID,int,Report,vw_FB_فرم_اقای_احمدی#child,Report,vw_Issues,SELECT * FROM [Report].[vw_FB_فرم_اقای_احمدی#child] AS a INNER JOIN [Report].[vw_Issues] AS b ON a.[ParentID] = b.[ParentID]
ParentID,ParentID,int,Report,vw_FB_فرم_اقای_احمدی#child,Report,vw_OrganizationUnit,SELECT * FROM [Report].[vw_FB_فرم_اقای_احمدی#child] AS a INNER JOIN [Report].[vw_OrganizationUnit] AS b ON a.[ParentID] = b.[ParentID]
ParentID,ParentID,int,Report,vw_FB_فرم_اقای_احمدی#child,Report,vw_Payments,SELECT * FROM [Report].[vw_FB_فرم_اقای_احمدی#child] AS a INNER JOIN [Report].[vw_Payments] AS b ON a.[ParentID] = b.[ParentID]
ParentID,ParentID,int,Report,vw_FB_فرم_اقای_احمدی#child,Report,vw_WBS,SELECT * FROM [Report].[vw_FB_فرم_اقای_احمدی#child] AS a INNER JOIN [Report].[vw_WBS] AS b ON a.[ParentID] = b.[ParentID]
ParentID,ParentId,int,Report,vw_FB_فرم_اقای_احمدی#child,Report,vw_OrganUnitScurve,SELECT * FROM [Report].[vw_FB_فرم_اقای_احمدی#child] AS a INNER JOIN [Report].[vw_OrganUnitScurve] AS b ON a.[ParentID] = b.[ParentId]
ParentID,ParentId,int,Report,vw_FB_فرم_برنامه_هفتم,Report,vw_OrganUnitScurve,SELECT * FROM [Report].[vw_FB_فرم_برنامه_هفتم] AS a INNER JOIN [Report].[vw_OrganUnitScurve] AS b ON a.[ParentID] = b.[ParentId]
ParentID,ParentID,int,Report,vw_FB_فرم_برنامه_هفتم,Report,vw_WBS,SELECT * FROM [Report].[vw_FB_فرم_برنامه_هفتم] AS a INNER JOIN [Report].[vw_WBS] AS b ON a.[ParentID] = b.[ParentID]
ParentID,ParentID,int,Report,vw_FB_فرم_برنامه_هفتم,Report,vw_Payments,SELECT * FROM [Report].[vw_FB_فرم_برنامه_هفتم] AS a INNER JOIN [Report].[vw_Payments] AS b ON a.[ParentID] = b.[ParentID]
ParentID,ParentID,int,Report,vw_FB_فرم_برنامه_هفتم,Report,vw_Issues,SELECT * FROM [Report].[vw_FB_فرم_برنامه_هفتم] AS a INNER JOIN [Report].[vw_Issues] AS b ON a.[ParentID] = b.[ParentID]
ParentID,ParentID,int,Report,vw_FB_فرم_برنامه_هفتم,Report,vw_Risks,SELECT * FROM [Report].[vw_FB_فرم_برنامه_هفتم] AS a INNER JOIN [Report].[vw_Risks] AS b ON a.[ParentID] = b.[ParentID]
ParentID,ParentID,int,Report,vw_FB_فرم_برنامه_هفتم,Report,vw_OrganizationUnit,SELECT * FROM [Report].[vw_FB_فرم_برنامه_هفتم] AS a INNER JOIN [Report].[vw_OrganizationUnit] AS b ON a.[ParentID] = b.[ParentID]
ParentID,ParentID,int,Report,vw_FB_فرم_برنامه_هفتم,Report,vw_FB_فرم_برنامه_هفتم#عملکرد_حکم,SELECT * FROM [Report].[vw_FB_فرم_برنامه_هفتم] AS a INNER JOIN [Report].[vw_FB_فرم_برنامه_هفتم#عملکرد_حکم] AS b ON a.[ParentID] = b.[ParentID]
ParentID,ParentID,int,Report,vw_FB_فرم_برنامه_هفتم,Report,vw_FB_فرم_برنامه_هفتم#عنوان_برنامه_عملیاتی,SELECT * FROM [Report].[vw_FB_فرم_برنامه_هفتم] AS a INNER JOIN [Report].[vw_FB_فرم_برنامه_هفتم#عنوان_برنامه_عملیاتی] AS b ON a.[ParentID] = b.[ParentID]
ParentID,ParentID,int,Report,vw_FB_فرم_برنامه_هفتم,Report,vw_FB_فرم_برنامه_هفتم#هدف_کمی,SELECT * FROM [Report].[vw_FB_فرم_برنامه_هفتم] AS a INNER JOIN [Report].[vw_FB_فرم_برنامه_هفتم#هدف_کمی] AS b ON a.[ParentID] = b.[ParentID]
ParentID,ParentID,int,Report,vw_FB_فرم_برنامه_هفتم,Report,vw_Projects,SELECT * FROM [Report].[vw_FB_فرم_برنامه_هفتم] AS a INNER JOIN [Report].[vw_Projects] AS b ON a.[ParentID] = b.[ParentID]
ParentID,ParentID,int,Report,vw_FB_فرم_برنامه_هفتم#عملکرد_حکم,Report,vw_Projects,SELECT * FROM [Report].[vw_FB_فرم_برنامه_هفتم#عملکرد_حکم] AS a INNER JOIN [Report].[vw_Projects] AS b ON a.[ParentID] = b.[ParentID]
ParentID,ParentID,int,Report,vw_FB_فرم_برنامه_هفتم#عملکرد_حکم,Report,vw_FB_فرم_برنامه_هفتم#هدف_کمی,SELECT * FROM [Report].[vw_FB_فرم_برنامه_هفتم#عملکرد_حکم] AS a INNER JOIN [Report].[vw_FB_فرم_برنامه_هفتم#هدف_کمی] AS b ON a.[ParentID] = b.[ParentID]
ParentID,ParentID,int,Report,vw_FB_فرم_برنامه_هفتم#عملکرد_حکم,Report,vw_FB_فرم_برنامه_هفتم#عنوان_برنامه_عملیاتی,SELECT * FROM [Report].[vw_FB_فرم_برنامه_هفتم#عملکرد_حکم] AS a INNER JOIN [Report].[vw_FB_فرم_برنامه_هفتم#عنوان_برنامه_عملیاتی] AS b ON a.[ParentID] = b.[ParentID]
ParentID,ParentID,int,Report,vw_FB_فرم_برنامه_هفتم#عملکرد_حکم,Report,vw_Risks,SELECT * FROM [Report].[vw_FB_فرم_برنامه_هفتم#عملکرد_حکم] AS a INNER JOIN [Report].[vw_Risks] AS b ON a.[ParentID] = b.[ParentID]
ParentID,ParentID,int,Report,vw_FB_فرم_برنامه_هفتم#عملکرد_حکم,Report,vw_Issues,SELECT * FROM [Report].[vw_FB_فرم_برنامه_هفتم#عملکرد_حکم] AS a INNER JOIN [Report].[vw_Issues] AS b ON a.[ParentID] = b.[ParentID]
ParentID,ParentID,int,Report,vw_FB_فرم_برنامه_هفتم#عملکرد_حکم,Report,vw_OrganizationUnit,SELECT * FROM [Report].[vw_FB_فرم_برنامه_هفتم#عملکرد_حکم] AS a INNER JOIN [Report].[vw_OrganizationUnit] AS b ON a.[ParentID] = b.[ParentID]
ParentID,ParentID,int,Report,vw_FB_فرم_برنامه_هفتم#عملکرد_حکم,Report,vw_Payments,SELECT * FROM [Report].[vw_FB_فرم_برنامه_هفتم#عملکرد_حکم] AS a INNER JOIN [Report].[vw_Payments] AS b ON a.[ParentID] = b.[ParentID]
ParentID,ParentID,int,Report,vw_FB_فرم_برنامه_هفتم#عملکرد_حکم,Report,vw_WBS,SELECT * FROM [Report].[vw_FB_فرم_برنامه_هفتم#عملکرد_حکم] AS a INNER JOIN [Report].[vw_WBS] AS b ON a.[ParentID] = b.[ParentID]
ParentID,ParentId,int,Report,vw_FB_فرم_برنامه_هفتم#عملکرد_حکم,Report,vw_OrganUnitScurve,SELECT * FROM [Report].[vw_FB_فرم_برنامه_هفتم#عملکرد_حکم] AS a INNER JOIN [Report].[vw_OrganUnitScurve] AS b ON a.[ParentID] = b.[ParentId]
ParentID,ParentId,int,Report,vw_FB_فرم_برنامه_هفتم#عنوان_برنامه_عملیاتی,Report,vw_OrganUnitScurve,SELECT * FROM [Report].[vw_FB_فرم_برنامه_هفتم#عنوان_برنامه_عملیاتی] AS a INNER JOIN [Report].[vw_OrganUnitScurve] AS b ON a.[ParentID] = b.[ParentId]
ParentID,ParentID,int,Report,vw_FB_فرم_برنامه_هفتم#عنوان_برنامه_عملیاتی,Report,vw_WBS,SELECT * FROM [Report].[vw_FB_فرم_برنامه_هفتم#عنوان_برنامه_عملیاتی] AS a INNER JOIN [Report].[vw_WBS] AS b ON a.[ParentID] = b.[ParentID]
ParentID,ParentID,int,Report,vw_FB_فرم_برنامه_هفتم#عنوان_برنامه_عملیاتی,Report,vw_Payments,SELECT * FROM [Report].[vw_FB_فرم_برنامه_هفتم#عنوان_برنامه_عملیاتی] AS a INNER JOIN [Report].[vw_Payments] AS b ON a.[ParentID] = b.[ParentID]
ParentID,ParentID,int,Report,vw_FB_فرم_برنامه_هفتم#عنوان_برنامه_عملیاتی,Report,vw_OrganizationUnit,SELECT * FROM [Report].[vw_FB_فرم_برنامه_هفتم#عنوان_برنامه_عملیاتی] AS a INNER JOIN [Report].[vw_OrganizationUnit] AS b ON a.[ParentID] = b.[ParentID]
ParentID,ParentID,int,Report,vw_FB_فرم_برنامه_هفتم#عنوان_برنامه_عملیاتی,Report,vw_Issues,SELECT * FROM [Report].[vw_FB_فرم_برنامه_هفتم#عنوان_برنامه_عملیاتی] AS a INNER JOIN [Report].[vw_Issues] AS b ON a.[ParentID] = b.[ParentID]
ParentID,ParentID,int,Report,vw_FB_فرم_برنامه_هفتم#عنوان_برنامه_عملیاتی,Report,vw_Risks,SELECT * FROM [Report].[vw_FB_فرم_برنامه_هفتم#عنوان_برنامه_عملیاتی] AS a INNER JOIN [Report].[vw_Risks] AS b ON a.[ParentID] = b.[ParentID]
ParentID,ParentID,int,Report,vw_FB_فرم_برنامه_هفتم#عنوان_برنامه_عملیاتی,Report,vw_FB_فرم_برنامه_هفتم#هدف_کمی,SELECT * FROM [Report].[vw_FB_فرم_برنامه_هفتم#عنوان_برنامه_عملیاتی] AS a INNER JOIN [Report].[vw_FB_فرم_برنامه_هفتم#هدف_کمی] AS b ON a.[ParentID] = b.[ParentID]
ParentID,ParentID,int,Report,vw_FB_فرم_برنامه_هفتم#عنوان_برنامه_عملیاتی,Report,vw_Projects,SELECT * FROM [Report].[vw_FB_فرم_برنامه_هفتم#عنوان_برنامه_عملیاتی] AS a INNER JOIN [Report].[vw_Projects] AS b ON a.[ParentID] = b.[ParentID]
ParentID,ParentID,int,Report,vw_FB_فرم_برنامه_هفتم#هدف_کمی,Report,vw_Projects,SELECT * FROM [Report].[vw_FB_فرم_برنامه_هفتم#هدف_کمی] AS a INNER JOIN [Report].[vw_Projects] AS b ON a.[ParentID] = b.[ParentID]
ParentID,ParentID,int,Report,vw_FB_فرم_برنامه_هفتم#هدف_کمی,Report,vw_Risks,SELECT * FROM [Report].[vw_FB_فرم_برنامه_هفتم#هدف_کمی] AS a INNER JOIN [Report].[vw_Risks] AS b ON a.[ParentID] = b.[ParentID]
ParentID,ParentID,int,Report,vw_FB_فرم_برنامه_هفتم#هدف_کمی,Report,vw_Issues,SELECT * FROM [Report].[vw_FB_فرم_برنامه_هفتم#هدف_کمی] AS a INNER JOIN [Report].[vw_Issues] AS b ON a.[ParentID] = b.[ParentID]
ParentID,ParentID,int,Report,vw_FB_فرم_برنامه_هفتم#هدف_کمی,Report,vw_OrganizationUnit,SELECT * FROM [Report].[vw_FB_فرم_برنامه_هفتم#هدف_کمی] AS a INNER JOIN [Report].[vw_OrganizationUnit] AS b ON a.[ParentID] = b.[ParentID]
ParentID,ParentID,int,Report,vw_FB_فرم_برنامه_هفتم#هدف_کمی,Report,vw_Payments,SELECT * FROM [Report].[vw_FB_فرم_برنامه_هفتم#هدف_کمی] AS a INNER JOIN [Report].[vw_Payments] AS b ON a.[ParentID] = b.[ParentID]
ParentID,ParentID,int,Report,vw_FB_فرم_برنامه_هفتم#هدف_کمی,Report,vw_WBS,SELECT * FROM [Report].[vw_FB_فرم_برنامه_هفتم#هدف_کمی] AS a INNER JOIN [Report].[vw_WBS] AS b ON a.[ParentID] = b.[ParentID]
ParentID,ParentId,int,Report,vw_FB_فرم_برنامه_هفتم#هدف_کمی,Report,vw_OrganUnitScurve,SELECT * FROM [Report].[vw_FB_فرم_برنامه_هفتم#هدف_کمی] AS a INNER JOIN [Report].[vw_OrganUnitScurve] AS b ON a.[ParentID] = b.[ParentId]
ParentID,ParentId,int,Report,vw_Issues,Report,vw_OrganUnitScurve,SELECT * FROM [Report].[vw_Issues] AS a INNER JOIN [Report].[vw_OrganUnitScurve] AS b ON a.[ParentID] = b.[ParentId]
ParentID,ParentID,int,Report,vw_Issues,Report,vw_WBS,SELECT * FROM [Report].[vw_Issues] AS a INNER JOIN [Report].[vw_WBS] AS b ON a.[ParentID] = b.[ParentID]
ParentID,ParentID,int,Report,vw_Issues,Report,vw_Payments,SELECT * FROM [Report].[vw_Issues] AS a INNER JOIN [Report].[vw_Payments] AS b ON a.[ParentID] = b.[ParentID]
ParentID,ParentID,int,Report,vw_Issues,Report,vw_OrganizationUnit,SELECT * FROM [Report].[vw_Issues] AS a INNER JOIN [Report].[vw_OrganizationUnit] AS b ON a.[ParentID] = b.[ParentID]
ParentID,ParentID,int,Report,vw_Issues,Report,vw_Risks,SELECT * FROM [Report].[vw_Issues] AS a INNER JOIN [Report].[vw_Risks] AS b ON a.[ParentID] = b.[ParentID]
ParentID,ParentID,int,Report,vw_Issues,Report,vw_Projects,SELECT * FROM [Report].[vw_Issues] AS a INNER JOIN [Report].[vw_Projects] AS b ON a.[ParentID] = b.[ParentID]
ParentID,ParentID,int,Report,vw_OrganizationUnit,Report,vw_Projects,SELECT * FROM [Report].[vw_OrganizationUnit] AS a INNER JOIN [Report].[vw_Projects] AS b ON a.[ParentID] = b.[ParentID]
ParentID,ParentID,int,Report,vw_OrganizationUnit,Report,vw_Risks,SELECT * FROM [Report].[vw_OrganizationUnit] AS a INNER JOIN [Report].[vw_Risks] AS b ON a.[ParentID] = b.[ParentID]
ParentID,ParentID,int,Report,vw_OrganizationUnit,Report,vw_Payments,SELECT * FROM [Report].[vw_OrganizationUnit] AS a INNER JOIN [Report].[vw_Payments] AS b ON a.[ParentID] = b.[ParentID]
ParentID,ParentID,int,Report,vw_OrganizationUnit,Report,vw_WBS,SELECT * FROM [Report].[vw_OrganizationUnit] AS a INNER JOIN [Report].[vw_WBS] AS b ON a.[ParentID] = b.[ParentID]
ParentID,ParentId,int,Report,vw_OrganizationUnit,Report,vw_OrganUnitScurve,SELECT * FROM [Report].[vw_OrganizationUnit] AS a INNER JOIN [Report].[vw_OrganUnitScurve] AS b ON a.[ParentID] = b.[ParentId]
ParentId,ParentID,int,Report,vw_OrganUnitScurve,Report,vw_WBS,SELECT * FROM [Report].[vw_OrganUnitScurve] AS a INNER JOIN [Report].[vw_WBS] AS b ON a.[ParentId] = b.[ParentID]
ParentId,ParentID,int,Report,vw_OrganUnitScurve,Report,vw_Payments,SELECT * FROM [Report].[vw_OrganUnitScurve] AS a INNER JOIN [Report].[vw_Payments] AS b ON a.[ParentId] = b.[ParentID]
ParentId,ParentID,int,Report,vw_OrganUnitScurve,Report,vw_Risks,SELECT * FROM [Report].[vw_OrganUnitScurve] AS a INNER JOIN [Report].[vw_Risks] AS b ON a.[ParentId] = b.[ParentID]
ParentId,ParentID,int,Report,vw_OrganUnitScurve,Report,vw_Projects,SELECT * FROM [Report].[vw_OrganUnitScurve] AS a INNER JOIN [Report].[vw_Projects] AS b ON a.[ParentId] = b.[ParentID]
ParentID,ParentID,int,Report,vw_Payments,Report,vw_Projects,SELECT * FROM [Report].[vw_Payments] AS a INNER JOIN [Report].[vw_Projects] AS b ON a.[ParentID] = b.[ParentID]
ParentID,ParentID,int,Report,vw_Payments,Report,vw_Risks,SELECT * FROM [Report].[vw_Payments] AS a INNER JOIN [Report].[vw_Risks] AS b ON a.[ParentID] = b.[ParentID]
ParentID,ParentID,int,Report,vw_Payments,Report,vw_WBS,SELECT * FROM [Report].[vw_Payments] AS a INNER JOIN [Report].[vw_WBS] AS b ON a.[ParentID] = b.[ParentID]
ParentID,ParentID,int,Report,vw_Projects,Report,vw_WBS,SELECT * FROM [Report].[vw_Projects] AS a INNER JOIN [Report].[vw_WBS] AS b ON a.[ParentID] = b.[ParentID]
ParentID,ParentID,int,Report,vw_Projects,Report,vw_Risks,SELECT * FROM [Report].[vw_Projects] AS a INNER JOIN [Report].[vw_Risks] AS b ON a.[ParentID] = b.[ParentID]
ParentID,ParentID,int,Report,vw_Risks,Report,vw_WBS,SELECT * FROM [Report].[vw_Risks] AS a INNER JOIN [Report].[vw_WBS] AS b ON a.[ParentID] = b.[ParentID]
ProjectGroupID,ProjectGroupID,int,Report,vw_ProjectGroup,Report,vw_ProjectGroupScurve,SELECT * FROM [Report].[vw_ProjectGroup] AS a INNER JOIN [Report].[vw_ProjectGroupScurve] AS b ON a.[ProjectGroupID] = b.[ProjectGroupID]
ProjectID,ProjectID,int,Report,vw_Cashflow,Report,vw_ProjectScurve,SELECT * FROM [Report].[vw_Cashflow] AS a INNER JOIN [Report].[vw_ProjectScurve] AS b ON a.[ProjectID] = b.[ProjectID]
ProjectID,ProjectID,int,Report,vw_Cashflow,Report,vw_ProjectPlanProgress,SELECT * FROM [Report].[vw_Cashflow] AS a INNER JOIN [Report].[vw_ProjectPlanProgress] AS b ON a.[ProjectID] = b.[ProjectID]
ProjectID,ProjectID,int,Report,vw_Cashflow,Report,vw_ProjectMonthlyReport,SELECT * FROM [Report].[vw_Cashflow] AS a INNER JOIN [Report].[vw_ProjectMonthlyReport] AS b ON a.[ProjectID] = b.[ProjectID]
ProjectID,ProjectID,int,Report,vw_Cashflow,Report,vw_ProjectPlan,SELECT * FROM [Report].[vw_Cashflow] AS a INNER JOIN [Report].[vw_ProjectPlan] AS b ON a.[ProjectID] = b.[ProjectID]
ProjectID,ProjectID,int,Report,vw_Cashflow,Report,vw_WBS,SELECT * FROM [Report].[vw_Cashflow] AS a INNER JOIN [Report].[vw_WBS] AS b ON a.[ProjectID] = b.[ProjectID]
ProjectID,ProjectID,int,Report,vw_Cashflow,Report,vw_CBS,SELECT * FROM [Report].[vw_Cashflow] AS a INNER JOIN [Report].[vw_CBS] AS b ON a.[ProjectID] = b.[ProjectID]
ProjectID,ProjectID,int,Report,vw_Cashflow,Report,vw_WorkItems,SELECT * FROM [Report].[vw_Cashflow] AS a INNER JOIN [Report].[vw_WorkItems] AS b ON a.[ProjectID] = b.[ProjectID]
ProjectID,ProjectID,int,Report,vw_Cashflow,Report,vw_Risks,SELECT * FROM [Report].[vw_Cashflow] AS a INNER JOIN [Report].[vw_Risks] AS b ON a.[ProjectID] = b.[ProjectID]
ProjectID,ProjectID,int,Report,vw_Cashflow,Report,vw_Issues,SELECT * FROM [Report].[vw_Cashflow] AS a INNER JOIN [Report].[vw_Issues] AS b ON a.[ProjectID] = b.[ProjectID]
ProjectID,ProjectID,int,Report,vw_Cashflow,Report,vw_Photos,SELECT * FROM [Report].[vw_Cashflow] AS a INNER JOIN [Report].[vw_Photos] AS b ON a.[ProjectID] = b.[ProjectID]
ProjectID,ProjectID,int,Report,vw_Cashflow,Report,vw_Payments,SELECT * FROM [Report].[vw_Cashflow] AS a INNER JOIN [Report].[vw_Payments] AS b ON a.[ProjectID] = b.[ProjectID]
ProjectID,ProjectID,int,Report,vw_Cashflow,Report,vw_FB_فرم_اقای_احمدی#child,SELECT * FROM [Report].[vw_Cashflow] AS a INNER JOIN [Report].[vw_FB_فرم_اقای_احمدی#child] AS b ON a.[ProjectID] = b.[ProjectID]
ProjectID,ProjectId,int,Report,vw_Cashflow,Report,vw_Projects,SELECT * FROM [Report].[vw_Cashflow] AS a INNER JOIN [Report].[vw_Projects] AS b ON a.[ProjectID] = b.[ProjectId]
ProjectID,ProjectID,int,Report,vw_Cashflow,Report,vw_ResourceUsage,SELECT * FROM [Report].[vw_Cashflow] AS a INNER JOIN [Report].[vw_ResourceUsage] AS b ON a.[ProjectID] = b.[ProjectID]
ProjectID,ProjectID,int,Report,vw_Cashflow,Report,vw_FB_فرم_برنامه_هفتم#عنوان_برنامه_عملیاتی,SELECT * FROM [Report].[vw_Cashflow] AS a INNER JOIN [Report].[vw_FB_فرم_برنامه_هفتم#عنوان_برنامه_عملیاتی] AS b ON a.[ProjectID] = b.[ProjectID]
ProjectID,ProjectID,int,Report,vw_Cashflow,Report,vw_FB_فرم_اقای_احمدی,SELECT * FROM [Report].[vw_Cashflow] AS a INNER JOIN [Report].[vw_FB_فرم_اقای_احمدی] AS b ON a.[ProjectID] = b.[ProjectID]
ProjectID,ProjectID,int,Report,vw_Cashflow,Report,vw_FB_فرم_برنامه_هفتم#عملکرد_حکم,SELECT * FROM [Report].[vw_Cashflow] AS a INNER JOIN [Report].[vw_FB_فرم_برنامه_هفتم#عملکرد_حکم] AS b ON a.[ProjectID] = b.[ProjectID]
ProjectID,ProjectID,int,Report,vw_Cashflow,Report,vw_FB_فرم_برنامه_هفتم#هدف_کمی,SELECT * FROM [Report].[vw_Cashflow] AS a INNER JOIN [Report].[vw_FB_فرم_برنامه_هفتم#هدف_کمی] AS b ON a.[ProjectID] = b.[ProjectID]
ProjectID,ProjectID,int,Report,vw_Cashflow,Report,vw_FB_فرم_برنامه_هفتم,SELECT * FROM [Report].[vw_Cashflow] AS a INNER JOIN [Report].[vw_FB_فرم_برنامه_هفتم] AS b ON a.[ProjectID] = b.[ProjectID]
ProjectID,ProjectID,int,Report,vw_Cashflow,Report,vw_FB_شناسنامه_احکام_و_گزارش_عملکرد_سازمان_تامین_اجتماعی_در_برنامه_هفتم_پیشرفت#برنامه_عملیاتی_,SELECT * FROM [Report].[vw_Cashflow] AS a INNER JOIN [Report].[vw_FB_شناسنامه_احکام_و_گزارش_عملکرد_سازمان_تامین_اجتماعی_در_برنامه_هفتم_پیشرفت#برنامه_عملیاتی_] AS b ON a.[ProjectID] = b.[ProjectID]
ProjectID,ProjectID,int,Report,vw_Cashflow,Report,vw_FB_شناسنامه_احکام_و_گزارش_عملکرد_سازمان_تامین_اجتماعی_در_برنامه_هفتم_پیشرفت#شناسنامه_حکم,SELECT * FROM [Report].[vw_Cashflow] AS a INNER JOIN [Report].[vw_FB_شناسنامه_احکام_و_گزارش_عملکرد_سازمان_تامین_اجتماعی_در_برنامه_هفتم_پیشرفت#شناسنامه_حکم] AS b ON a.[ProjectID] = b.[ProjectID]
ProjectID,ProjectID,int,Report,vw_Cashflow,Report,vw_FB_فرم_آپلود_فایل,SELECT * FROM [Report].[vw_Cashflow] AS a INNER JOIN [Report].[vw_FB_فرم_آپلود_فایل] AS b ON a.[ProjectID] = b.[ProjectID]
ProjectID,ProjectID,int,Report,vw_Cashflow,Report,vw_FB_شناسنامه_احکام_و_گزارش_عملکرد_سازمان_تامین_اجتماعی_در_برنامه_هفتم_پیشرفت#واحد_متولی_معاونت,SELECT * FROM [Report].[vw_Cashflow] AS a INNER JOIN [Report].[vw_FB_شناسنامه_احکام_و_گزارش_عملکرد_سازمان_تامین_اجتماعی_در_برنامه_هفتم_پیشرفت#واحد_متولی_معاونت] AS b ON a.[ProjectID] = b.[ProjectID]
ProjectID,ProjectID,int,Report,vw_Cashflow,Report,vw_FB_شناسنامه_احکام_و_گزارش_عملکرد_سازمان_تامین_اجتماعی_در_برنامه_هفتم_پیشرفت#هدف_کمی,SELECT * FROM [Report].[vw_Cashflow] AS a INNER JOIN [Report].[vw_FB_شناسنامه_احکام_و_گزارش_عملکرد_سازمان_تامین_اجتماعی_در_برنامه_هفتم_پیشرفت#هدف_کمی] AS b ON a.[ProjectID] = b.[ProjectID]
ProjectID,ProjectID,int,Report,vw_CBS,Report,vw_FB_شناسنامه_احکام_و_گزارش_عملکرد_سازمان_تامین_اجتماعی_در_برنامه_هفتم_پیشرفت#هدف_کمی,SELECT * FROM [Report].[vw_CBS] AS a INNER JOIN [Report].[vw_FB_شناسنامه_احکام_و_گزارش_عملکرد_سازمان_تامین_اجتماعی_در_برنامه_هفتم_پیشرفت#هدف_کمی] AS b ON a.[ProjectID] = b.[ProjectID]
ProjectID,ProjectID,int,Report,vw_CBS,Report,vw_FB_شناسنامه_احکام_و_گزارش_عملکرد_سازمان_تامین_اجتماعی_در_برنامه_هفتم_پیشرفت#شناسنامه_حکم,SELECT * FROM [Report].[vw_CBS] AS a INNER JOIN [Report].[vw_FB_شناسنامه_احکام_و_گزارش_عملکرد_سازمان_تامین_اجتماعی_در_برنامه_هفتم_پیشرفت#شناسنامه_حکم] AS b ON a.[ProjectID] = b.[ProjectID]
ProjectID,ProjectID,int,Report,vw_CBS,Report,vw_FB_شناسنامه_احکام_و_گزارش_عملکرد_سازمان_تامین_اجتماعی_در_برنامه_هفتم_پیشرفت#واحد_متولی_معاونت,SELECT * FROM [Report].[vw_CBS] AS a INNER JOIN [Report].[vw_FB_شناسنامه_احکام_و_گزارش_عملکرد_سازمان_تامین_اجتماعی_در_برنامه_هفتم_پیشرفت#واحد_متولی_معاونت] AS b ON a.[ProjectID] = b.[ProjectID]
ProjectID,ProjectID,int,Report,vw_CBS,Report,vw_FB_فرم_آپلود_فایل,SELECT * FROM [Report].[vw_CBS] AS a INNER JOIN [Report].[vw_FB_فرم_آپلود_فایل] AS b ON a.[ProjectID] = b.[ProjectID]
ProjectID,ProjectID,int,Report,vw_CBS,Report,vw_FB_شناسنامه_احکام_و_گزارش_عملکرد_سازمان_تامین_اجتماعی_در_برنامه_هفتم_پیشرفت#برنامه_عملیاتی_,SELECT * FROM [Report].[vw_CBS] AS a INNER JOIN [Report].[vw_FB_شناسنامه_احکام_و_گزارش_عملکرد_سازمان_تامین_اجتماعی_در_برنامه_هفتم_پیشرفت#برنامه_عملیاتی_] AS b ON a.[ProjectID] = b.[ProjectID]
ProjectID,ProjectID,int,Report,vw_CBS,Report,vw_FB_فرم_برنامه_هفتم,SELECT * FROM [Report].[vw_CBS] AS a INNER JOIN [Report].[vw_FB_فرم_برنامه_هفتم] AS b ON a.[ProjectID] = b.[ProjectID]
ProjectID,ProjectID,int,Report,vw_CBS,Report,vw_FB_فرم_برنامه_هفتم#عملکرد_حکم,SELECT * FROM [Report].[vw_CBS] AS a INNER JOIN [Report].[vw_FB_فرم_برنامه_هفتم#عملکرد_حکم] AS b ON a.[ProjectID] = b.[ProjectID]
ProjectID,ProjectID,int,Report,vw_CBS,Report,vw_FB_فرم_اقای_احمدی,SELECT * FROM [Report].[vw_CBS] AS a INNER JOIN [Report].[vw_FB_فرم_اقای_احمدی] AS b ON a.[ProjectID] = b.[ProjectID]
ProjectID,ProjectID,int,Report,vw_CBS,Report,vw_FB_فرم_برنامه_هفتم#عنوان_برنامه_عملیاتی,SELECT * FROM [Report].[vw_CBS] AS a INNER JOIN [Report].[vw_FB_فرم_برنامه_هفتم#عنوان_برنامه_عملیاتی] AS b ON a.[ProjectID] = b.[ProjectID]
ProjectID,ProjectID,int,Report,vw_CBS,Report,vw_FB_فرم_برنامه_هفتم#هدف_کمی,SELECT * FROM [Report].[vw_CBS] AS a INNER JOIN [Report].[vw_FB_فرم_برنامه_هفتم#هدف_کمی] AS b ON a.[ProjectID] = b.[ProjectID]
ProjectID,ProjectID,int,Report,vw_CBS,Report,vw_ResourceUsage,SELECT * FROM [Report].[vw_CBS] AS a INNER JOIN [Report].[vw_ResourceUsage] AS b ON a.[ProjectID] = b.[ProjectID]
ProjectID,ProjectId,int,Report,vw_CBS,Report,vw_Projects,SELECT * FROM [Report].[vw_CBS] AS a INNER JOIN [Report].[vw_Projects] AS b ON a.[ProjectID] = b.[ProjectId]
ProjectID,ProjectID,int,Report,vw_CBS,Report,vw_FB_فرم_اقای_احمدی#child,SELECT * FROM [Report].[vw_CBS] AS a INNER JOIN [Report].[vw_FB_فرم_اقای_احمدی#child] AS b ON a.[ProjectID] = b.[ProjectID]
ProjectID,ProjectID,int,Report,vw_CBS,Report,vw_Payments,SELECT * FROM [Report].[vw_CBS] AS a INNER JOIN [Report].[vw_Payments] AS b ON a.[ProjectID] = b.[ProjectID]
ProjectID,ProjectID,int,Report,vw_CBS,Report,vw_Risks,SELECT * FROM [Report].[vw_CBS] AS a INNER JOIN [Report].[vw_Risks] AS b ON a.[ProjectID] = b.[ProjectID]
ProjectID,ProjectID,int,Report,vw_CBS,Report,vw_Photos,SELECT * FROM [Report].[vw_CBS] AS a INNER JOIN [Report].[vw_Photos] AS b ON a.[ProjectID] = b.[ProjectID]
ProjectID,ProjectID,int,Report,vw_CBS,Report,vw_Issues,SELECT * FROM [Report].[vw_CBS] AS a INNER JOIN [Report].[vw_Issues] AS b ON a.[ProjectID] = b.[ProjectID]
ProjectID,ProjectID,int,Report,vw_CBS,Report,vw_WorkItems,SELECT * FROM [Report].[vw_CBS] AS a INNER JOIN [Report].[vw_WorkItems] AS b ON a.[ProjectID] = b.[ProjectID]
ProjectID,ProjectID,int,Report,vw_CBS,Report,vw_WBS,SELECT * FROM [Report].[vw_CBS] AS a INNER JOIN [Report].[vw_WBS] AS b ON a.[ProjectID] = b.[ProjectID]
ProjectID,ProjectID,int,Report,vw_CBS,Report,vw_ProjectPlan,SELECT * FROM [Report].[vw_CBS] AS a INNER JOIN [Report].[vw_ProjectPlan] AS b ON a.[ProjectID] = b.[ProjectID]
ProjectID,ProjectID,int,Report,vw_CBS,Report,vw_ProjectMonthlyReport,SELECT * FROM [Report].[vw_CBS] AS a INNER JOIN [Report].[vw_ProjectMonthlyReport] AS b ON a.[ProjectID] = b.[ProjectID]
ProjectID,ProjectID,int,Report,vw_CBS,Report,vw_ProjectPlanProgress,SELECT * FROM [Report].[vw_CBS] AS a INNER JOIN [Report].[vw_ProjectPlanProgress] AS b ON a.[ProjectID] = b.[ProjectID]
ProjectID,ProjectID,int,Report,vw_CBS,Report,vw_ProjectScurve,SELECT * FROM [Report].[vw_CBS] AS a INNER JOIN [Report].[vw_ProjectScurve] AS b ON a.[ProjectID] = b.[ProjectID]
ProjectID,ProjectID,int,Report,vw_FB_شناسنامه_احکام_و_گزارش_عملکرد_سازمان_تامین_اجتماعی_در_برنامه_هفتم_پیشرفت#برنامه_عملیاتی_,Report,vw_ProjectScurve,SELECT * FROM [Report].[vw_FB_شناسنامه_احکام_و_گزارش_عملکرد_سازمان_تامین_اجتماعی_در_برنامه_هفتم_پیشرفت#برنامه_عملیاتی_] AS a INNER JOIN [Report].[vw_ProjectScurve] AS b ON a.[ProjectID] = b.[ProjectID]
ProjectID,ProjectID,int,Report,vw_FB_شناسنامه_احکام_و_گزارش_عملکرد_سازمان_تامین_اجتماعی_در_برنامه_هفتم_پیشرفت#برنامه_عملیاتی_,Report,vw_ProjectPlanProgress,SELECT * FROM [Report].[vw_FB_شناسنامه_احکام_و_گزارش_عملکرد_سازمان_تامین_اجتماعی_در_برنامه_هفتم_پیشرفت#برنامه_عملیاتی_] AS a INNER JOIN [Report].[vw_ProjectPlanProgress] AS b ON a.[ProjectID] = b.[ProjectID]
ProjectID,ProjectID,int,Report,vw_FB_شناسنامه_احکام_و_گزارش_عملکرد_سازمان_تامین_اجتماعی_در_برنامه_هفتم_پیشرفت#برنامه_عملیاتی_,Report,vw_ProjectMonthlyReport,SELECT * FROM [Report].[vw_FB_شناسنامه_احکام_و_گزارش_عملکرد_سازمان_تامین_اجتماعی_در_برنامه_هفتم_پیشرفت#برنامه_عملیاتی_] AS a INNER JOIN [Report].[vw_ProjectMonthlyReport] AS b ON a.[ProjectID] = b.[ProjectID]
ProjectID,ProjectID,int,Report,vw_FB_شناسنامه_احکام_و_گزارش_عملکرد_سازمان_تامین_اجتماعی_در_برنامه_هفتم_پیشرفت#برنامه_عملیاتی_,Report,vw_ProjectPlan,SELECT * FROM [Report].[vw_FB_شناسنامه_احکام_و_گزارش_عملکرد_سازمان_تامین_اجتماعی_در_برنامه_هفتم_پیشرفت#برنامه_عملیاتی_] AS a INNER JOIN [Report].[vw_ProjectPlan] AS b ON a.[ProjectID] = b.[ProjectID]
ProjectID,ProjectID,int,Report,vw_FB_شناسنامه_احکام_و_گزارش_عملکرد_سازمان_تامین_اجتماعی_در_برنامه_هفتم_پیشرفت#برنامه_عملیاتی_,Report,vw_WBS,SELECT * FROM [Report].[vw_FB_شناسنامه_احکام_و_گزارش_عملکرد_سازمان_تامین_اجتماعی_در_برنامه_هفتم_پیشرفت#برنامه_عملیاتی_] AS a INNER JOIN [Report].[vw_WBS] AS b ON a.[ProjectID] = b.[ProjectID]
ProjectID,ProjectID,int,Report,vw_FB_شناسنامه_احکام_و_گزارش_عملکرد_سازمان_تامین_اجتماعی_در_برنامه_هفتم_پیشرفت#برنامه_عملیاتی_,Report,vw_WorkItems,SELECT * FROM [Report].[vw_FB_شناسنامه_احکام_و_گزارش_عملکرد_سازمان_تامین_اجتماعی_در_برنامه_هفتم_پیشرفت#برنامه_عملیاتی_] AS a INNER JOIN [Report].[vw_WorkItems] AS b ON a.[ProjectID] = b.[ProjectID]
ProjectID,ProjectID,int,Report,vw_FB_شناسنامه_احکام_و_گزارش_عملکرد_سازمان_تامین_اجتماعی_در_برنامه_هفتم_پیشرفت#برنامه_عملیاتی_,Report,vw_Photos,SELECT * FROM [Report].[vw_FB_شناسنامه_احکام_و_گزارش_عملکرد_سازمان_تامین_اجتماعی_در_برنامه_هفتم_پیشرفت#برنامه_عملیاتی_] AS a INNER JOIN [Report].[vw_Photos] AS b ON a.[ProjectID] = b.[ProjectID]
ProjectID,ProjectID,int,Report,vw_FB_شناسنامه_احکام_و_گزارش_عملکرد_سازمان_تامین_اجتماعی_در_برنامه_هفتم_پیشرفت#برنامه_عملیاتی_,Report,vw_Issues,SELECT * FROM [Report].[vw_FB_شناسنامه_احکام_و_گزارش_عملکرد_سازمان_تامین_اجتماعی_در_برنامه_هفتم_پیشرفت#برنامه_عملیاتی_] AS a INNER JOIN [Report].[vw_Issues] AS b ON a.[ProjectID] = b.[ProjectID]
ProjectID,ProjectID,int,Report,vw_FB_شناسنامه_احکام_و_گزارش_عملکرد_سازمان_تامین_اجتماعی_در_برنامه_هفتم_پیشرفت#برنامه_عملیاتی_,Report,vw_Risks,SELECT * FROM [Report].[vw_FB_شناسنامه_احکام_و_گزارش_عملکرد_سازمان_تامین_اجتماعی_در_برنامه_هفتم_پیشرفت#برنامه_عملیاتی_] AS a INNER JOIN [Report].[vw_Risks] AS b ON a.[ProjectID] = b.[ProjectID]
ProjectID,ProjectID,int,Report,vw_FB_شناسنامه_احکام_و_گزارش_عملکرد_سازمان_تامین_اجتماعی_در_برنامه_هفتم_پیشرفت#برنامه_عملیاتی_,Report,vw_FB_فرم_اقای_احمدی#child,SELECT * FROM [Report].[vw_FB_شناسنامه_احکام_و_گزارش_عملکرد_سازمان_تامین_اجتماعی_در_برنامه_هفتم_پیشرفت#برنامه_عملیاتی_] AS a INNER JOIN [Report].[vw_FB_فرم_اقای_احمدی#child] AS b ON a.[ProjectID] = b.[ProjectID]
ProjectID,ProjectID,int,Report,vw_FB_شناسنامه_احکام_و_گزارش_عملکرد_سازمان_تامین_اجتماعی_در_برنامه_هفتم_پیشرفت#برنامه_عملیاتی_,Report,vw_Payments,SELECT * FROM [Report].[vw_FB_شناسنامه_احکام_و_گزارش_عملکرد_سازمان_تامین_اجتماعی_در_برنامه_هفتم_پیشرفت#برنامه_عملیاتی_] AS a INNER JOIN [Report].[vw_Payments] AS b ON a.[ProjectID] = b.[ProjectID]
ProjectID,ProjectId,int,Report,vw_FB_شناسنامه_احکام_و_گزارش_عملکرد_سازمان_تامین_اجتماعی_در_برنامه_هفتم_پیشرفت#برنامه_عملیاتی_,Report,vw_Projects,SELECT * FROM [Report].[vw_FB_شناسنامه_احکام_و_گزارش_عملکرد_سازمان_تامین_اجتماعی_در_برنامه_هفتم_پیشرفت#برنامه_عملیاتی_] AS a INNER JOIN [Report].[vw_Projects] AS b ON a.[ProjectID] = b.[ProjectId]
ProjectID,ProjectID,int,Report,vw_FB_شناسنامه_احکام_و_گزارش_عملکرد_سازمان_تامین_اجتماعی_در_برنامه_هفتم_پیشرفت#برنامه_عملیاتی_,Report,vw_ResourceUsage,SELECT * FROM [Report].[vw_FB_شناسنامه_احکام_و_گزارش_عملکرد_سازمان_تامین_اجتماعی_در_برنامه_هفتم_پیشرفت#برنامه_عملیاتی_] AS a INNER JOIN [Report].[vw_ResourceUsage] AS b ON a.[ProjectID] = b.[ProjectID]
ProjectID,ProjectID,int,Report,vw_FB_شناسنامه_احکام_و_گزارش_عملکرد_سازمان_تامین_اجتماعی_در_برنامه_هفتم_پیشرفت#برنامه_عملیاتی_,Report,vw_FB_فرم_برنامه_هفتم#عنوان_برنامه_عملیاتی,SELECT * FROM [Report].[vw_FB_شناسنامه_احکام_و_گزارش_عملکرد_سازمان_تامین_اجتماعی_در_برنامه_هفتم_پیشرفت#برنامه_عملیاتی_] AS a INNER JOIN [Report].[vw_FB_فرم_برنامه_هفتم#عنوان_برنامه_عملیاتی] AS b ON a.[ProjectID] = b.[ProjectID]
ProjectID,ProjectID,int,Report,vw_FB_شناسنامه_احکام_و_گزارش_عملکرد_سازمان_تامین_اجتماعی_در_برنامه_هفتم_پیشرفت#برنامه_عملیاتی_,Report,vw_FB_فرم_اقای_احمدی,SELECT * FROM [Report].[vw_FB_شناسنامه_احکام_و_گزارش_عملکرد_سازمان_تامین_اجتماعی_در_برنامه_هفتم_پیشرفت#برنامه_عملیاتی_] AS a INNER JOIN [Report].[vw_FB_فرم_اقای_احمدی] AS b ON a.[ProjectID] = b.[ProjectID]
ProjectID,ProjectID,int,Report,vw_FB_شناسنامه_احکام_و_گزارش_عملکرد_سازمان_تامین_اجتماعی_در_برنامه_هفتم_پیشرفت#برنامه_عملیاتی_,Report,vw_FB_فرم_برنامه_هفتم#عملکرد_حکم,SELECT * FROM [Report].[vw_FB_شناسنامه_احکام_و_گزارش_عملکرد_سازمان_تامین_اجتماعی_در_برنامه_هفتم_پیشرفت#برنامه_عملیاتی_] AS a INNER JOIN [Report].[vw_FB_فرم_برنامه_هفتم#عملکرد_حکم] AS b ON a.[ProjectID] = b.[ProjectID]
ProjectID,ProjectID,int,Report,vw_FB_شناسنامه_احکام_و_گزارش_عملکرد_سازمان_تامین_اجتماعی_در_برنامه_هفتم_پیشرفت#برنامه_عملیاتی_,Report,vw_FB_فرم_برنامه_هفتم,SELECT * FROM [Report].[vw_FB_شناسنامه_احکام_و_گزارش_عملکرد_سازمان_تامین_اجتماعی_در_برنامه_هفتم_پیشرفت#برنامه_عملیاتی_] AS a INNER JOIN [Report].[vw_FB_فرم_برنامه_هفتم] AS b ON a.[ProjectID] = b.[ProjectID]
ProjectID,ProjectID,int,Report,vw_FB_شناسنامه_احکام_و_گزارش_عملکرد_سازمان_تامین_اجتماعی_در_برنامه_هفتم_پیشرفت#برنامه_عملیاتی_,Report,vw_FB_فرم_برنامه_هفتم#هدف_کمی,SELECT * FROM [Report].[vw_FB_شناسنامه_احکام_و_گزارش_عملکرد_سازمان_تامین_اجتماعی_در_برنامه_هفتم_پیشرفت#برنامه_عملیاتی_] AS a INNER JOIN [Report].[vw_FB_فرم_برنامه_هفتم#هدف_کمی] AS b ON a.[ProjectID] = b.[ProjectID]
ProjectID,ProjectID,int,Report,vw_FB_شناسنامه_احکام_و_گزارش_عملکرد_سازمان_تامین_اجتماعی_در_برنامه_هفتم_پیشرفت#برنامه_عملیاتی_,Report,vw_FB_فرم_آپلود_فایل,SELECT * FROM [Report].[vw_FB_شناسنامه_احکام_و_گزارش_عملکرد_سازمان_تامین_اجتماعی_در_برنامه_هفتم_پیشرفت#برنامه_عملیاتی_] AS a INNER JOIN [Report].[vw_FB_فرم_آپلود_فایل] AS b ON a.[ProjectID] = b.[ProjectID]
ProjectID,ProjectID,int,Report,vw_FB_شناسنامه_احکام_و_گزارش_عملکرد_سازمان_تامین_اجتماعی_در_برنامه_هفتم_پیشرفت#برنامه_عملیاتی_,Report,vw_FB_شناسنامه_احکام_و_گزارش_عملکرد_سازمان_تامین_اجتماعی_در_برنامه_هفتم_پیشرفت#شناسنامه_حکم,SELECT * FROM [Report].[vw_FB_شناسنامه_احکام_و_گزارش_عملکرد_سازمان_تامین_اجتماعی_در_برنامه_هفتم_پیشرفت#برنامه_عملیاتی_] AS a INNER JOIN [Report].[vw_FB_شناسنامه_احکام_و_گزارش_عملکرد_سازمان_تامین_اجتماعی_در_برنامه_هفتم_پیشرفت#شناسنامه_حکم] AS b ON a.[ProjectID] = b.[ProjectID]
ProjectID,ProjectID,int,Report,vw_FB_شناسنامه_احکام_و_گزارش_عملکرد_سازمان_تامین_اجتماعی_در_برنامه_هفتم_پیشرفت#برنامه_عملیاتی_,Report,vw_FB_شناسنامه_احکام_و_گزارش_عملکرد_سازمان_تامین_اجتماعی_در_برنامه_هفتم_پیشرفت#واحد_متولی_معاونت,SELECT * FROM [Report].[vw_FB_شناسنامه_احکام_و_گزارش_عملکرد_سازمان_تامین_اجتماعی_در_برنامه_هفتم_پیشرفت#برنامه_عملیاتی_] AS a INNER JOIN [Report].[vw_FB_شناسنامه_احکام_و_گزارش_عملکرد_سازمان_تامین_اجتماعی_در_برنامه_هفتم_پیشرفت#واحد_متولی_معاونت] AS b ON a.[ProjectID] = b.[ProjectID]
ProjectID,ProjectID,int,Report,vw_FB_شناسنامه_احکام_و_گزارش_عملکرد_سازمان_تامین_اجتماعی_در_برنامه_هفتم_پیشرفت#برنامه_عملیاتی_,Report,vw_FB_شناسنامه_احکام_و_گزارش_عملکرد_سازمان_تامین_اجتماعی_در_برنامه_هفتم_پیشرفت#هدف_کمی,SELECT * FROM [Report].[vw_FB_شناسنامه_احکام_و_گزارش_عملکرد_سازمان_تامین_اجتماعی_در_برنامه_هفتم_پیشرفت#برنامه_عملیاتی_] AS a INNER JOIN [Report].[vw_FB_شناسنامه_احکام_و_گزارش_عملکرد_سازمان_تامین_اجتماعی_در_برنامه_هفتم_پیشرفت#هدف_کمی] AS b ON a.[ProjectID] = b.[ProjectID]
ProjectID,ProjectID,int,Report,vw_FB_شناسنامه_احکام_و_گزارش_عملکرد_سازمان_تامین_اجتماعی_در_برنامه_هفتم_پیشرفت#شناسنامه_حکم,Report,vw_FB_شناسنامه_احکام_و_گزارش_عملکرد_سازمان_تامین_اجتماعی_در_برنامه_هفتم_پیشرفت#هدف_کمی,SELECT * FROM [Report].[vw_FB_شناسنامه_احکام_و_گزارش_عملکرد_سازمان_تامین_اجتماعی_در_برنامه_هفتم_پیشرفت#شناسنامه_حکم] AS a INNER JOIN [Report].[vw_FB_شناسنامه_احکام_و_گزارش_عملکرد_سازمان_تامین_اجتماعی_در_برنامه_هفتم_پیشرفت#هدف_کمی] AS b ON a.[ProjectID] = b.[ProjectID]
ProjectID,ProjectID,int,Report,vw_FB_شناسنامه_احکام_و_گزارش_عملکرد_سازمان_تامین_اجتماعی_در_برنامه_هفتم_پیشرفت#شناسنامه_حکم,Report,vw_FB_شناسنامه_احکام_و_گزارش_عملکرد_سازمان_تامین_اجتماعی_در_برنامه_هفتم_پیشرفت#واحد_متولی_معاونت,SELECT * FROM [Report].[vw_FB_شناسنامه_احکام_و_گزارش_عملکرد_سازمان_تامین_اجتماعی_در_برنامه_هفتم_پیشرفت#شناسنامه_حکم] AS a INNER JOIN [Report].[vw_FB_شناسنامه_احکام_و_گزارش_عملکرد_سازمان_تامین_اجتماعی_در_برنامه_هفتم_پیشرفت#واحد_متولی_معاونت] AS b ON a.[ProjectID] = b.[ProjectID]
ProjectID,ProjectID,int,Report,vw_FB_شناسنامه_احکام_و_گزارش_عملکرد_سازمان_تامین_اجتماعی_در_برنامه_هفتم_پیشرفت#شناسنامه_حکم,Report,vw_FB_فرم_آپلود_فایل,SELECT * FROM [Report].[vw_FB_شناسنامه_احکام_و_گزارش_عملکرد_سازمان_تامین_اجتماعی_در_برنامه_هفتم_پیشرفت#شناسنامه_حکم] AS a INNER JOIN [Report].[vw_FB_فرم_آپلود_فایل] AS b ON a.[ProjectID] = b.[ProjectID]
ProjectID,ProjectID,int,Report,vw_FB_شناسنامه_احکام_و_گزارش_عملکرد_سازمان_تامین_اجتماعی_در_برنامه_هفتم_پیشرفت#شناسنامه_حکم,Report,vw_FB_فرم_برنامه_هفتم#هدف_کمی,SELECT * FROM [Report].[vw_FB_شناسنامه_احکام_و_گزارش_عملکرد_سازمان_تامین_اجتماعی_در_برنامه_هفتم_پیشرفت#شناسنامه_حکم] AS a INNER JOIN [Report].[vw_FB_فرم_برنامه_هفتم#هدف_کمی] AS b ON a.[ProjectID] = b.[ProjectID]
ProjectID,ProjectID,int,Report,vw_FB_شناسنامه_احکام_و_گزارش_عملکرد_سازمان_تامین_اجتماعی_در_برنامه_هفتم_پیشرفت#شناسنامه_حکم,Report,vw_FB_فرم_برنامه_هفتم,SELECT * FROM [Report].[vw_FB_شناسنامه_احکام_و_گزارش_عملکرد_سازمان_تامین_اجتماعی_در_برنامه_هفتم_پیشرفت#شناسنامه_حکم] AS a INNER JOIN [Report].[vw_FB_فرم_برنامه_هفتم] AS b ON a.[ProjectID] = b.[ProjectID]
ProjectID,ProjectID,int,Report,vw_FB_شناسنامه_احکام_و_گزارش_عملکرد_سازمان_تامین_اجتماعی_در_برنامه_هفتم_پیشرفت#شناسنامه_حکم,Report,vw_FB_فرم_برنامه_هفتم#عملکرد_حکم,SELECT * FROM [Report].[vw_FB_شناسنامه_احکام_و_گزارش_عملکرد_سازمان_تامین_اجتماعی_در_برنامه_هفتم_پیشرفت#شناسنامه_حکم] AS a INNER JOIN [Report].[vw_FB_فرم_برنامه_هفتم#عملکرد_حکم] AS b ON a.[ProjectID] = b.[ProjectID]
ProjectID,ProjectID,int,Report,vw_FB_شناسنامه_احکام_و_گزارش_عملکرد_سازمان_تامین_اجتماعی_در_برنامه_هفتم_پیشرفت#شناسنامه_حکم,Report,vw_FB_فرم_اقای_احمدی,SELECT * FROM [Report].[vw_FB_شناسنامه_احکام_و_گزارش_عملکرد_سازمان_تامین_اجتماعی_در_برنامه_هفتم_پیشرفت#شناسنامه_حکم] AS a INNER JOIN [Report].[vw_FB_فرم_اقای_احمدی] AS b ON a.[ProjectID] = b.[ProjectID]
ProjectID,ProjectID,int,Report,vw_FB_شناسنامه_احکام_و_گزارش_عملکرد_سازمان_تامین_اجتماعی_در_برنامه_هفتم_پیشرفت#شناسنامه_حکم,Report,vw_FB_فرم_برنامه_هفتم#عنوان_برنامه_عملیاتی,SELECT * FROM [Report].[vw_FB_شناسنامه_احکام_و_گزارش_عملکرد_سازمان_تامین_اجتماعی_در_برنامه_هفتم_پیشرفت#شناسنامه_حکم] AS a INNER JOIN [Report].[vw_FB_فرم_برنامه_هفتم#عنوان_برنامه_عملیاتی] AS b ON a.[ProjectID] = b.[ProjectID]
ProjectID,ProjectID,int,Report,vw_FB_شناسنامه_احکام_و_گزارش_عملکرد_سازمان_تامین_اجتماعی_در_برنامه_هفتم_پیشرفت#شناسنامه_حکم,Report,vw_ResourceUsage,SELECT * FROM [Report].[vw_FB_شناسنامه_احکام_و_گزارش_عملکرد_سازمان_تامین_اجتماعی_در_برنامه_هفتم_پیشرفت#شناسنامه_حکم] AS a INNER JOIN [Report].[vw_ResourceUsage] AS b ON a.[ProjectID] = b.[ProjectID]
ProjectID,ProjectId,int,Report,vw_FB_شناسنامه_احکام_و_گزارش_عملکرد_سازمان_تامین_اجتماعی_در_برنامه_هفتم_پیشرفت#شناسنامه_حکم,Report,vw_Projects,SELECT * FROM [Report].[vw_FB_شناسنامه_احکام_و_گزارش_عملکرد_سازمان_تامین_اجتماعی_در_برنامه_هفتم_پیشرفت#شناسنامه_حکم] AS a INNER JOIN [Report].[vw_Projects] AS b ON a.[ProjectID] = b.[ProjectId]
ProjectID,ProjectID,int,Report,vw_FB_شناسنامه_احکام_و_گزارش_عملکرد_سازمان_تامین_اجتماعی_در_برنامه_هفتم_پیشرفت#شناسنامه_حکم,Report,vw_Payments,SELECT * FROM [Report].[vw_FB_شناسنامه_احکام_و_گزارش_عملکرد_سازمان_تامین_اجتماعی_در_برنامه_هفتم_پیشرفت#شناسنامه_حکم] AS a INNER JOIN [Report].[vw_Payments] AS b ON a.[ProjectID] = b.[ProjectID]
ProjectID,ProjectID,int,Report,vw_FB_شناسنامه_احکام_و_گزارش_عملکرد_سازمان_تامین_اجتماعی_در_برنامه_هفتم_پیشرفت#شناسنامه_حکم,Report,vw_FB_فرم_اقای_احمدی#child,SELECT * FROM [Report].[vw_FB_شناسنامه_احکام_و_گزارش_عملکرد_سازمان_تامین_اجتماعی_در_برنامه_هفتم_پیشرفت#شناسنامه_حکم] AS a INNER JOIN [Report].[vw_FB_فرم_اقای_احمدی#child] AS b ON a.[ProjectID] = b.[ProjectID]
ProjectID,ProjectID,int,Report,vw_FB_شناسنامه_احکام_و_گزارش_عملکرد_سازمان_تامین_اجتماعی_در_برنامه_هفتم_پیشرفت#شناسنامه_حکم,Report,vw_Risks,SELECT * FROM [Report].[vw_FB_شناسنامه_احکام_و_گزارش_عملکرد_سازمان_تامین_اجتماعی_در_برنامه_هفتم_پیشرفت#شناسنامه_حکم] AS a INNER JOIN [Report].[vw_Risks] AS b ON a.[ProjectID] = b.[ProjectID]
ProjectID,ProjectID,int,Report,vw_FB_شناسنامه_احکام_و_گزارش_عملکرد_سازمان_تامین_اجتماعی_در_برنامه_هفتم_پیشرفت#شناسنامه_حکم,Report,vw_Issues,SELECT * FROM [Report].[vw_FB_شناسنامه_احکام_و_گزارش_عملکرد_سازمان_تامین_اجتماعی_در_برنامه_هفتم_پیشرفت#شناسنامه_حکم] AS a INNER JOIN [Report].[vw_Issues] AS b ON a.[ProjectID] = b.[ProjectID]
ProjectID,ProjectID,int,Report,vw_FB_شناسنامه_احکام_و_گزارش_عملکرد_سازمان_تامین_اجتماعی_در_برنامه_هفتم_پیشرفت#شناسنامه_حکم,Report,vw_ProjectMonthlyReport,SELECT * FROM [Report].[vw_FB_شناسنامه_احکام_و_گزارش_عملکرد_سازمان_تامین_اجتماعی_در_برنامه_هفتم_پیشرفت#شناسنامه_حکم] AS a INNER JOIN [Report].[vw_ProjectMonthlyReport] AS b ON a.[ProjectID] = b.[ProjectID]
ProjectID,ProjectID,int,Report,vw_FB_شناسنامه_احکام_و_گزارش_عملکرد_سازمان_تامین_اجتماعی_در_برنامه_هفتم_پیشرفت#شناسنامه_حکم,Report,vw_Photos,SELECT * FROM [Report].[vw_FB_شناسنامه_احکام_و_گزارش_عملکرد_سازمان_تامین_اجتماعی_در_برنامه_هفتم_پیشرفت#شناسنامه_حکم] AS a INNER JOIN [Report].[vw_Photos] AS b ON a.[ProjectID] = b.[ProjectID]
ProjectID,ProjectID,int,Report,vw_FB_شناسنامه_احکام_و_گزارش_عملکرد_سازمان_تامین_اجتماعی_در_برنامه_هفتم_پیشرفت#شناسنامه_حکم,Report,vw_WBS,SELECT * FROM [Report].[vw_FB_شناسنامه_احکام_و_گزارش_عملکرد_سازمان_تامین_اجتماعی_در_برنامه_هفتم_پیشرفت#شناسنامه_حکم] AS a INNER JOIN [Report].[vw_WBS] AS b ON a.[ProjectID] = b.[ProjectID]
ProjectID,ProjectID,int,Report,vw_FB_شناسنامه_احکام_و_گزارش_عملکرد_سازمان_تامین_اجتماعی_در_برنامه_هفتم_پیشرفت#شناسنامه_حکم,Report,vw_ProjectPlan,SELECT * FROM [Report].[vw_FB_شناسنامه_احکام_و_گزارش_عملکرد_سازمان_تامین_اجتماعی_در_برنامه_هفتم_پیشرفت#شناسنامه_حکم] AS a INNER JOIN [Report].[vw_ProjectPlan] AS b ON a.[ProjectID] = b.[ProjectID]
ProjectID,ProjectID,int,Report,vw_FB_شناسنامه_احکام_و_گزارش_عملکرد_سازمان_تامین_اجتماعی_در_برنامه_هفتم_پیشرفت#شناسنامه_حکم,Report,vw_ProjectPlanProgress,SELECT * FROM [Report].[vw_FB_شناسنامه_احکام_و_گزارش_عملکرد_سازمان_تامین_اجتماعی_در_برنامه_هفتم_پیشرفت#شناسنامه_حکم] AS a INNER JOIN [Report].[vw_ProjectPlanProgress] AS b ON a.[ProjectID] = b.[ProjectID]
ProjectID,ProjectID,int,Report,vw_FB_شناسنامه_احکام_و_گزارش_عملکرد_سازمان_تامین_اجتماعی_در_برنامه_هفتم_پیشرفت#شناسنامه_حکم,Report,vw_ProjectScurve,SELECT * FROM [Report].[vw_FB_شناسنامه_احکام_و_گزارش_عملکرد_سازمان_تامین_اجتماعی_در_برنامه_هفتم_پیشرفت#شناسنامه_حکم] AS a INNER JOIN [Report].[vw_ProjectScurve] AS b ON a.[ProjectID] = b.[ProjectID]
ProjectID,ProjectID,int,Report,vw_FB_شناسنامه_احکام_و_گزارش_عملکرد_سازمان_تامین_اجتماعی_در_برنامه_هفتم_پیشرفت#شناسنامه_حکم,Report,vw_WorkItems,SELECT * FROM [Report].[vw_FB_شناسنامه_احکام_و_گزارش_عملکرد_سازمان_تامین_اجتماعی_در_برنامه_هفتم_پیشرفت#شناسنامه_حکم] AS a INNER JOIN [Report].[vw_WorkItems] AS b ON a.[ProjectID] = b.[ProjectID]
ProjectID,ProjectID,int,Report,vw_FB_شناسنامه_احکام_و_گزارش_عملکرد_سازمان_تامین_اجتماعی_در_برنامه_هفتم_پیشرفت#هدف_کمی,Report,vw_ProjectScurve,SELECT * FROM [Report].[vw_FB_شناسنامه_احکام_و_گزارش_عملکرد_سازمان_تامین_اجتماعی_در_برنامه_هفتم_پیشرفت#هدف_کمی] AS a INNER JOIN [Report].[vw_ProjectScurve] AS b ON a.[ProjectID] = b.[ProjectID]
ProjectID,ProjectID,int,Report,vw_FB_شناسنامه_احکام_و_گزارش_عملکرد_سازمان_تامین_اجتماعی_در_برنامه_هفتم_پیشرفت#هدف_کمی,Report,vw_ProjectPlanProgress,SELECT * FROM [Report].[vw_FB_شناسنامه_احکام_و_گزارش_عملکرد_سازمان_تامین_اجتماعی_در_برنامه_هفتم_پیشرفت#هدف_کمی] AS a INNER JOIN [Report].[vw_ProjectPlanProgress] AS b ON a.[ProjectID] = b.[ProjectID]
ProjectID,ProjectID,int,Report,vw_FB_شناسنامه_احکام_و_گزارش_عملکرد_سازمان_تامین_اجتماعی_در_برنامه_هفتم_پیشرفت#هدف_کمی,Report,vw_ProjectMonthlyReport,SELECT * FROM [Report].[vw_FB_شناسنامه_احکام_و_گزارش_عملکرد_سازمان_تامین_اجتماعی_در_برنامه_هفتم_پیشرفت#هدف_کمی] AS a INNER JOIN [Report].[vw_ProjectMonthlyReport] AS b ON a.[ProjectID] = b.[ProjectID]
ProjectID,ProjectID,int,Report,vw_FB_شناسنامه_احکام_و_گزارش_عملکرد_سازمان_تامین_اجتماعی_در_برنامه_هفتم_پیشرفت#هدف_کمی,Report,vw_ProjectPlan,SELECT * FROM [Report].[vw_FB_شناسنامه_احکام_و_گزارش_عملکرد_سازمان_تامین_اجتماعی_در_برنامه_هفتم_پیشرفت#هدف_کمی] AS a INNER JOIN [Report].[vw_ProjectPlan] AS b ON a.[ProjectID] = b.[ProjectID]
ProjectID,ProjectID,int,Report,vw_FB_شناسنامه_احکام_و_گزارش_عملکرد_سازمان_تامین_اجتماعی_در_برنامه_هفتم_پیشرفت#هدف_کمی,Report,vw_WBS,SELECT * FROM [Report].[vw_FB_شناسنامه_احکام_و_گزارش_عملکرد_سازمان_تامین_اجتماعی_در_برنامه_هفتم_پیشرفت#هدف_کمی] AS a INNER JOIN [Report].[vw_WBS] AS b ON a.[ProjectID] = b.[ProjectID]
ProjectID,ProjectID,int,Report,vw_FB_شناسنامه_احکام_و_گزارش_عملکرد_سازمان_تامین_اجتماعی_در_برنامه_هفتم_پیشرفت#هدف_کمی,Report,vw_WorkItems,SELECT * FROM [Report].[vw_FB_شناسنامه_احکام_و_گزارش_عملکرد_سازمان_تامین_اجتماعی_در_برنامه_هفتم_پیشرفت#هدف_کمی] AS a INNER JOIN [Report].[vw_WorkItems] AS b ON a.[ProjectID] = b.[ProjectID]
ProjectID,ProjectID,int,Report,vw_FB_شناسنامه_احکام_و_گزارش_عملکرد_سازمان_تامین_اجتماعی_در_برنامه_هفتم_پیشرفت#هدف_کمی,Report,vw_Photos,SELECT * FROM [Report].[vw_FB_شناسنامه_احکام_و_گزارش_عملکرد_سازمان_تامین_اجتماعی_در_برنامه_هفتم_پیشرفت#هدف_کمی] AS a INNER JOIN [Report].[vw_Photos] AS b ON a.[ProjectID] = b.[ProjectID]
ProjectID,ProjectID,int,Report,vw_FB_شناسنامه_احکام_و_گزارش_عملکرد_سازمان_تامین_اجتماعی_در_برنامه_هفتم_پیشرفت#هدف_کمی,Report,vw_Issues,SELECT * FROM [Report].[vw_FB_شناسنامه_احکام_و_گزارش_عملکرد_سازمان_تامین_اجتماعی_در_برنامه_هفتم_پیشرفت#هدف_کمی] AS a INNER JOIN [Report].[vw_Issues] AS b ON a.[ProjectID] = b.[ProjectID]
ProjectID,ProjectID,int,Report,vw_FB_شناسنامه_احکام_و_گزارش_عملکرد_سازمان_تامین_اجتماعی_در_برنامه_هفتم_پیشرفت#هدف_کمی,Report,vw_Risks,SELECT * FROM [Report].[vw_FB_شناسنامه_احکام_و_گزارش_عملکرد_سازمان_تامین_اجتماعی_در_برنامه_هفتم_پیشرفت#هدف_کمی] AS a INNER JOIN [Report].[vw_Risks] AS b ON a.[ProjectID] = b.[ProjectID]
ProjectID,ProjectID,int,Report,vw_FB_شناسنامه_احکام_و_گزارش_عملکرد_سازمان_تامین_اجتماعی_در_برنامه_هفتم_پیشرفت#هدف_کمی,Report,vw_FB_فرم_اقای_احمدی#child,SELECT * FROM [Report].[vw_FB_شناسنامه_احکام_و_گزارش_عملکرد_سازمان_تامین_اجتماعی_در_برنامه_هفتم_پیشرفت#هدف_کمی] AS a INNER JOIN [Report].[vw_FB_فرم_اقای_احمدی#child] AS b ON a.[ProjectID] = b.[ProjectID]
ProjectID,ProjectID,int,Report,vw_FB_شناسنامه_احکام_و_گزارش_عملکرد_سازمان_تامین_اجتماعی_در_برنامه_هفتم_پیشرفت#هدف_کمی,Report,vw_Payments,SELECT * FROM [Report].[vw_FB_شناسنامه_احکام_و_گزارش_عملکرد_سازمان_تامین_اجتماعی_در_برنامه_هفتم_پیشرفت#هدف_کمی] AS a INNER JOIN [Report].[vw_Payments] AS b ON a.[ProjectID] = b.[ProjectID]
ProjectID,ProjectId,int,Report,vw_FB_شناسنامه_احکام_و_گزارش_عملکرد_سازمان_تامین_اجتماعی_در_برنامه_هفتم_پیشرفت#هدف_کمی,Report,vw_Projects,SELECT * FROM [Report].[vw_FB_شناسنامه_احکام_و_گزارش_عملکرد_سازمان_تامین_اجتماعی_در_برنامه_هفتم_پیشرفت#هدف_کمی] AS a INNER JOIN [Report].[vw_Projects] AS b ON a.[ProjectID] = b.[ProjectId]
ProjectID,ProjectID,int,Report,vw_FB_شناسنامه_احکام_و_گزارش_عملکرد_سازمان_تامین_اجتماعی_در_برنامه_هفتم_پیشرفت#هدف_کمی,Report,vw_ResourceUsage,SELECT * FROM [Report].[vw_FB_شناسنامه_احکام_و_گزارش_عملکرد_سازمان_تامین_اجتماعی_در_برنامه_هفتم_پیشرفت#هدف_کمی] AS a INNER JOIN [Report].[vw_ResourceUsage] AS b ON a.[ProjectID] = b.[ProjectID]
ProjectID,ProjectID,int,Report,vw_FB_شناسنامه_احکام_و_گزارش_عملکرد_سازمان_تامین_اجتماعی_در_برنامه_هفتم_پیشرفت#هدف_کمی,Report,vw_FB_فرم_برنامه_هفتم#عنوان_برنامه_عملیاتی,SELECT * FROM [Report].[vw_FB_شناسنامه_احکام_و_گزارش_عملکرد_سازمان_تامین_اجتماعی_در_برنامه_هفتم_پیشرفت#هدف_کمی] AS a INNER JOIN [Report].[vw_FB_فرم_برنامه_هفتم#عنوان_برنامه_عملیاتی] AS b ON a.[ProjectID] = b.[ProjectID]
ProjectID,ProjectID,int,Report,vw_FB_شناسنامه_احکام_و_گزارش_عملکرد_سازمان_تامین_اجتماعی_در_برنامه_هفتم_پیشرفت#هدف_کمی,Report,vw_FB_فرم_اقای_احمدی,SELECT * FROM [Report].[vw_FB_شناسنامه_احکام_و_گزارش_عملکرد_سازمان_تامین_اجتماعی_در_برنامه_هفتم_پیشرفت#هدف_کمی] AS a INNER JOIN [Report].[vw_FB_فرم_اقای_احمدی] AS b ON a.[ProjectID] = b.[ProjectID]
ProjectID,ProjectID,int,Report,vw_FB_شناسنامه_احکام_و_گزارش_عملکرد_سازمان_تامین_اجتماعی_در_برنامه_هفتم_پیشرفت#هدف_کمی,Report,vw_FB_فرم_برنامه_هفتم#عملکرد_حکم,SELECT * FROM [Report].[vw_FB_شناسنامه_احکام_و_گزارش_عملکرد_سازمان_تامین_اجتماعی_در_برنامه_هفتم_پیشرفت#هدف_کمی] AS a INNER JOIN [Report].[vw_FB_فرم_برنامه_هفتم#عملکرد_حکم] AS b ON a.[ProjectID] = b.[ProjectID]
ProjectID,ProjectID,int,Report,vw_FB_شناسنامه_احکام_و_گزارش_عملکرد_سازمان_تامین_اجتماعی_در_برنامه_هفتم_پیشرفت#هدف_کمی,Report,vw_FB_فرم_برنامه_هفتم,SELECT * FROM [Report].[vw_FB_شناسنامه_احکام_و_گزارش_عملکرد_سازمان_تامین_اجتماعی_در_برنامه_هفتم_پیشرفت#هدف_کمی] AS a INNER JOIN [Report].[vw_FB_فرم_برنامه_هفتم] AS b ON a.[ProjectID] = b.[ProjectID]
ProjectID,ProjectID,int,Report,vw_FB_شناسنامه_احکام_و_گزارش_عملکرد_سازمان_تامین_اجتماعی_در_برنامه_هفتم_پیشرفت#هدف_کمی,Report,vw_FB_فرم_برنامه_هفتم#هدف_کمی,SELECT * FROM [Report].[vw_FB_شناسنامه_احکام_و_گزارش_عملکرد_سازمان_تامین_اجتماعی_در_برنامه_هفتم_پیشرفت#هدف_کمی] AS a INNER JOIN [Report].[vw_FB_فرم_برنامه_هفتم#هدف_کمی] AS b ON a.[ProjectID] = b.[ProjectID]
ProjectID,ProjectID,int,Report,vw_FB_شناسنامه_احکام_و_گزارش_عملکرد_سازمان_تامین_اجتماعی_در_برنامه_هفتم_پیشرفت#هدف_کمی,Report,vw_FB_فرم_آپلود_فایل,SELECT * FROM [Report].[vw_FB_شناسنامه_احکام_و_گزارش_عملکرد_سازمان_تامین_اجتماعی_در_برنامه_هفتم_پیشرفت#هدف_کمی] AS a INNER JOIN [Report].[vw_FB_فرم_آپلود_فایل] AS b ON a.[ProjectID] = b.[ProjectID]
ProjectID,ProjectID,int,Report,vw_FB_شناسنامه_احکام_و_گزارش_عملکرد_سازمان_تامین_اجتماعی_در_برنامه_هفتم_پیشرفت#هدف_کمی,Report,vw_FB_شناسنامه_احکام_و_گزارش_عملکرد_سازمان_تامین_اجتماعی_در_برنامه_هفتم_پیشرفت#واحد_متولی_معاونت,SELECT * FROM [Report].[vw_FB_شناسنامه_احکام_و_گزارش_عملکرد_سازمان_تامین_اجتماعی_در_برنامه_هفتم_پیشرفت#هدف_کمی] AS a INNER JOIN [Report].[vw_FB_شناسنامه_احکام_و_گزارش_عملکرد_سازمان_تامین_اجتماعی_در_برنامه_هفتم_پیشرفت#واحد_متولی_معاونت] AS b ON a.[ProjectID] = b.[ProjectID]
ProjectID,ProjectID,int,Report,vw_FB_شناسنامه_احکام_و_گزارش_عملکرد_سازمان_تامین_اجتماعی_در_برنامه_هفتم_پیشرفت#واحد_متولی_معاونت,Report,vw_FB_فرم_آپلود_فایل,SELECT * FROM [Report].[vw_FB_شناسنامه_احکام_و_گزارش_عملکرد_سازمان_تامین_اجتماعی_در_برنامه_هفتم_پیشرفت#واحد_متولی_معاونت] AS a INNER JOIN [Report].[vw_FB_فرم_آپلود_فایل] AS b ON a.[ProjectID] = b.[ProjectID]
ProjectID,ProjectID,int,Report,vw_FB_شناسنامه_احکام_و_گزارش_عملکرد_سازمان_تامین_اجتماعی_در_برنامه_هفتم_پیشرفت#واحد_متولی_معاونت,Report,vw_FB_فرم_برنامه_هفتم#هدف_کمی,SELECT * FROM [Report].[vw_FB_شناسنامه_احکام_و_گزارش_عملکرد_سازمان_تامین_اجتماعی_در_برنامه_هفتم_پیشرفت#واحد_متولی_معاونت] AS a INNER JOIN [Report].[vw_FB_فرم_برنامه_هفتم#هدف_کمی] AS b ON a.[ProjectID] = b.[ProjectID]
ProjectID,ProjectID,int,Report,vw_FB_شناسنامه_احکام_و_گزارش_عملکرد_سازمان_تامین_اجتماعی_در_برنامه_هفتم_پیشرفت#واحد_متولی_معاونت,Report,vw_FB_فرم_برنامه_هفتم,SELECT * FROM [Report].[vw_FB_شناسنامه_احکام_و_گزارش_عملکرد_سازمان_تامین_اجتماعی_در_برنامه_هفتم_پیشرفت#واحد_متولی_معاونت] AS a INNER JOIN [Report].[vw_FB_فرم_برنامه_هفتم] AS b ON a.[ProjectID] = b.[ProjectID]
ProjectID,ProjectID,int,Report,vw_FB_شناسنامه_احکام_و_گزارش_عملکرد_سازمان_تامین_اجتماعی_در_برنامه_هفتم_پیشرفت#واحد_متولی_معاونت,Report,vw_FB_فرم_برنامه_هفتم#عملکرد_حکم,SELECT * FROM [Report].[vw_FB_شناسنامه_احکام_و_گزارش_عملکرد_سازمان_تامین_اجتماعی_در_برنامه_هفتم_پیشرفت#واحد_متولی_معاونت] AS a INNER JOIN [Report].[vw_FB_فرم_برنامه_هفتم#عملکرد_حکم] AS b ON a.[ProjectID] = b.[ProjectID]
ProjectID,ProjectID,int,Report,vw_FB_شناسنامه_احکام_و_گزارش_عملکرد_سازمان_تامین_اجتماعی_در_برنامه_هفتم_پیشرفت#واحد_متولی_معاونت,Report,vw_FB_فرم_اقای_احمدی,SELECT * FROM [Report].[vw_FB_شناسنامه_احکام_و_گزارش_عملکرد_سازمان_تامین_اجتماعی_در_برنامه_هفتم_پیشرفت#واحد_متولی_معاونت] AS a INNER JOIN [Report].[vw_FB_فرم_اقای_احمدی] AS b ON a.[ProjectID] = b.[ProjectID]
ProjectID,ProjectID,int,Report,vw_FB_شناسنامه_احکام_و_گزارش_عملکرد_سازمان_تامین_اجتماعی_در_برنامه_هفتم_پیشرفت#واحد_متولی_معاونت,Report,vw_FB_فرم_برنامه_هفتم#عنوان_برنامه_عملیاتی,SELECT * FROM [Report].[vw_FB_شناسنامه_احکام_و_گزارش_عملکرد_سازمان_تامین_اجتماعی_در_برنامه_هفتم_پیشرفت#واحد_متولی_معاونت] AS a INNER JOIN [Report].[vw_FB_فرم_برنامه_هفتم#عنوان_برنامه_عملیاتی] AS b ON a.[ProjectID] = b.[ProjectID]
ProjectID,ProjectID,int,Report,vw_FB_شناسنامه_احکام_و_گزارش_عملکرد_سازمان_تامین_اجتماعی_در_برنامه_هفتم_پیشرفت#واحد_متولی_معاونت,Report,vw_ResourceUsage,SELECT * FROM [Report].[vw_FB_شناسنامه_احکام_و_گزارش_عملکرد_سازمان_تامین_اجتماعی_در_برنامه_هفتم_پیشرفت#واحد_متولی_معاونت] AS a INNER JOIN [Report].[vw_ResourceUsage] AS b ON a.[ProjectID] = b.[ProjectID]
ProjectID,ProjectId,int,Report,vw_FB_شناسنامه_احکام_و_گزارش_عملکرد_سازمان_تامین_اجتماعی_در_برنامه_هفتم_پیشرفت#واحد_متولی_معاونت,Report,vw_Projects,SELECT * FROM [Report].[vw_FB_شناسنامه_احکام_و_گزارش_عملکرد_سازمان_تامین_اجتماعی_در_برنامه_هفتم_پیشرفت#واحد_متولی_معاونت] AS a INNER JOIN [Report].[vw_Projects] AS b ON a.[ProjectID] = b.[ProjectId]
ProjectID,ProjectID,int,Report,vw_FB_شناسنامه_احکام_و_گزارش_عملکرد_سازمان_تامین_اجتماعی_در_برنامه_هفتم_پیشرفت#واحد_متولی_معاونت,Report,vw_Payments,SELECT * FROM [Report].[vw_FB_شناسنامه_احکام_و_گزارش_عملکرد_سازمان_تامین_اجتماعی_در_برنامه_هفتم_پیشرفت#واحد_متولی_معاونت] AS a INNER JOIN [Report].[vw_Payments] AS b ON a.[ProjectID] = b.[ProjectID]
ProjectID,ProjectID,int,Report,vw_FB_شناسنامه_احکام_و_گزارش_عملکرد_سازمان_تامین_اجتماعی_در_برنامه_هفتم_پیشرفت#واحد_متولی_معاونت,Report,vw_FB_فرم_اقای_احمدی#child,SELECT * FROM [Report].[vw_FB_شناسنامه_احکام_و_گزارش_عملکرد_سازمان_تامین_اجتماعی_در_برنامه_هفتم_پیشرفت#واحد_متولی_معاونت] AS a INNER JOIN [Report].[vw_FB_فرم_اقای_احمدی#child] AS b ON a.[ProjectID] = b.[ProjectID]
ProjectID,ProjectID,int,Report,vw_FB_شناسنامه_احکام_و_گزارش_عملکرد_سازمان_تامین_اجتماعی_در_برنامه_هفتم_پیشرفت#واحد_متولی_معاونت,Report,vw_Risks,SELECT * FROM [Report].[vw_FB_شناسنامه_احکام_و_گزارش_عملکرد_سازمان_تامین_اجتماعی_در_برنامه_هفتم_پیشرفت#واحد_متولی_معاونت] AS a INNER JOIN [Report].[vw_Risks] AS b ON a.[ProjectID] = b.[ProjectID]
ProjectID,ProjectID,int,Report,vw_FB_شناسنامه_احکام_و_گزارش_عملکرد_سازمان_تامین_اجتماعی_در_برنامه_هفتم_پیشرفت#واحد_متولی_معاونت,Report,vw_Issues,SELECT * FROM [Report].[vw_FB_شناسنامه_احکام_و_گزارش_عملکرد_سازمان_تامین_اجتماعی_در_برنامه_هفتم_پیشرفت#واحد_متولی_معاونت] AS a INNER JOIN [Report].[vw_Issues] AS b ON a.[ProjectID] = b.[ProjectID]
ProjectID,ProjectID,int,Report,vw_FB_شناسنامه_احکام_و_گزارش_عملکرد_سازمان_تامین_اجتماعی_در_برنامه_هفتم_پیشرفت#واحد_متولی_معاونت,Report,vw_Photos,SELECT * FROM [Report].[vw_FB_شناسنامه_احکام_و_گزارش_عملکرد_سازمان_تامین_اجتماعی_در_برنامه_هفتم_پیشرفت#واحد_متولی_معاونت] AS a INNER JOIN [Report].[vw_Photos] AS b ON a.[ProjectID] = b.[ProjectID]
ProjectID,ProjectID,int,Report,vw_FB_شناسنامه_احکام_و_گزارش_عملکرد_سازمان_تامین_اجتماعی_در_برنامه_هفتم_پیشرفت#واحد_متولی_معاونت,Report,vw_WorkItems,SELECT * FROM [Report].[vw_FB_شناسنامه_احکام_و_گزارش_عملکرد_سازمان_تامین_اجتماعی_در_برنامه_هفتم_پیشرفت#واحد_متولی_معاونت] AS a INNER JOIN [Report].[vw_WorkItems] AS b ON a.[ProjectID] = b.[ProjectID]
ProjectID,ProjectID,int,Report,vw_FB_شناسنامه_احکام_و_گزارش_عملکرد_سازمان_تامین_اجتماعی_در_برنامه_هفتم_پیشرفت#واحد_متولی_معاونت,Report,vw_WBS,SELECT * FROM [Report].[vw_FB_شناسنامه_احکام_و_گزارش_عملکرد_سازمان_تامین_اجتماعی_در_برنامه_هفتم_پیشرفت#واحد_متولی_معاونت] AS a INNER JOIN [Report].[vw_WBS] AS b ON a.[ProjectID] = b.[ProjectID]
ProjectID,ProjectID,int,Report,vw_FB_شناسنامه_احکام_و_گزارش_عملکرد_سازمان_تامین_اجتماعی_در_برنامه_هفتم_پیشرفت#واحد_متولی_معاونت,Report,vw_ProjectPlan,SELECT * FROM [Report].[vw_FB_شناسنامه_احکام_و_گزارش_عملکرد_سازمان_تامین_اجتماعی_در_برنامه_هفتم_پیشرفت#واحد_متولی_معاونت] AS a INNER JOIN [Report].[vw_ProjectPlan] AS b ON a.[ProjectID] = b.[ProjectID]
ProjectID,ProjectID,int,Report,vw_FB_شناسنامه_احکام_و_گزارش_عملکرد_سازمان_تامین_اجتماعی_در_برنامه_هفتم_پیشرفت#واحد_متولی_معاونت,Report,vw_ProjectMonthlyReport,SELECT * FROM [Report].[vw_FB_شناسنامه_احکام_و_گزارش_عملکرد_سازمان_تامین_اجتماعی_در_برنامه_هفتم_پیشرفت#واحد_متولی_معاونت] AS a INNER JOIN [Report].[vw_ProjectMonthlyReport] AS b ON a.[ProjectID] = b.[ProjectID]
ProjectID,ProjectID,int,Report,vw_FB_شناسنامه_احکام_و_گزارش_عملکرد_سازمان_تامین_اجتماعی_در_برنامه_هفتم_پیشرفت#واحد_متولی_معاونت,Report,vw_ProjectPlanProgress,SELECT * FROM [Report].[vw_FB_شناسنامه_احکام_و_گزارش_عملکرد_سازمان_تامین_اجتماعی_در_برنامه_هفتم_پیشرفت#واحد_متولی_معاونت] AS a INNER JOIN [Report].[vw_ProjectPlanProgress] AS b ON a.[ProjectID] = b.[ProjectID]
ProjectID,ProjectID,int,Report,vw_FB_شناسنامه_احکام_و_گزارش_عملکرد_سازمان_تامین_اجتماعی_در_برنامه_هفتم_پیشرفت#واحد_متولی_معاونت,Report,vw_ProjectScurve,SELECT * FROM [Report].[vw_FB_شناسنامه_احکام_و_گزارش_عملکرد_سازمان_تامین_اجتماعی_در_برنامه_هفتم_پیشرفت#واحد_متولی_معاونت] AS a INNER JOIN [Report].[vw_ProjectScurve] AS b ON a.[ProjectID] = b.[ProjectID]
ProjectID,ProjectID,int,Report,vw_FB_فرم_آپلود_فایل,Report,vw_ProjectScurve,SELECT * FROM [Report].[vw_FB_فرم_آپلود_فایل] AS a INNER JOIN [Report].[vw_ProjectScurve] AS b ON a.[ProjectID] = b.[ProjectID]
ProjectID,ProjectID,int,Report,vw_FB_فرم_آپلود_فایل,Report,vw_WorkItems,SELECT * FROM [Report].[vw_FB_فرم_آپلود_فایل] AS a INNER JOIN [Report].[vw_WorkItems] AS b ON a.[ProjectID] = b.[ProjectID]
ProjectID,ProjectID,int,Report,vw_FB_فرم_آپلود_فایل,Report,vw_ProjectPlanProgress,SELECT * FROM [Report].[vw_FB_فرم_آپلود_فایل] AS a INNER JOIN [Report].[vw_ProjectPlanProgress] AS b ON a.[ProjectID] = b.[ProjectID]
ProjectID,ProjectID,int,Report,vw_FB_فرم_آپلود_فایل,Report,vw_ProjectPlan,SELECT * FROM [Report].[vw_FB_فرم_آپلود_فایل] AS a INNER JOIN [Report].[vw_ProjectPlan] AS b ON a.[ProjectID] = b.[ProjectID]
ProjectID,ProjectID,int,Report,vw_FB_فرم_آپلود_فایل,Report,vw_WBS,SELECT * FROM [Report].[vw_FB_فرم_آپلود_فایل] AS a INNER JOIN [Report].[vw_WBS] AS b ON a.[ProjectID] = b.[ProjectID]
ProjectID,ProjectID,int,Report,vw_FB_فرم_آپلود_فایل,Report,vw_ProjectMonthlyReport,SELECT * FROM [Report].[vw_FB_فرم_آپلود_فایل] AS a INNER JOIN [Report].[vw_ProjectMonthlyReport] AS b ON a.[ProjectID] = b.[ProjectID]
ProjectID,ProjectID,int,Report,vw_FB_فرم_آپلود_فایل,Report,vw_Photos,SELECT * FROM [Report].[vw_FB_فرم_آپلود_فایل] AS a INNER JOIN [Report].[vw_Photos] AS b ON a.[ProjectID] = b.[ProjectID]
ProjectID,ProjectID,int,Report,vw_FB_فرم_آپلود_فایل,Report,vw_Issues,SELECT * FROM [Report].[vw_FB_فرم_آپلود_فایل] AS a INNER JOIN [Report].[vw_Issues] AS b ON a.[ProjectID] = b.[ProjectID]
ProjectID,ProjectID,int,Report,vw_FB_فرم_آپلود_فایل,Report,vw_Risks,SELECT * FROM [Report].[vw_FB_فرم_آپلود_فایل] AS a INNER JOIN [Report].[vw_Risks] AS b ON a.[ProjectID] = b.[ProjectID]
ProjectID,ProjectID,int,Report,vw_FB_فرم_آپلود_فایل,Report,vw_FB_فرم_اقای_احمدی#child,SELECT * FROM [Report].[vw_FB_فرم_آپلود_فایل] AS a INNER JOIN [Report].[vw_FB_فرم_اقای_احمدی#child] AS b ON a.[ProjectID] = b.[ProjectID]
ProjectID,ProjectID,int,Report,vw_FB_فرم_آپلود_فایل,Report,vw_Payments,SELECT * FROM [Report].[vw_FB_فرم_آپلود_فایل] AS a INNER JOIN [Report].[vw_Payments] AS b ON a.[ProjectID] = b.[ProjectID]
ProjectID,ProjectId,int,Report,vw_FB_فرم_آپلود_فایل,Report,vw_Projects,SELECT * FROM [Report].[vw_FB_فرم_آپلود_فایل] AS a INNER JOIN [Report].[vw_Projects] AS b ON a.[ProjectID] = b.[ProjectId]
ProjectID,ProjectID,int,Report,vw_FB_فرم_آپلود_فایل,Report,vw_ResourceUsage,SELECT * FROM [Report].[vw_FB_فرم_آپلود_فایل] AS a INNER JOIN [Report].[vw_ResourceUsage] AS b ON a.[ProjectID] = b.[ProjectID]
ProjectID,ProjectID,int,Report,vw_FB_فرم_آپلود_فایل,Report,vw_FB_فرم_برنامه_هفتم#عنوان_برنامه_عملیاتی,SELECT * FROM [Report].[vw_FB_فرم_آپلود_فایل] AS a INNER JOIN [Report].[vw_FB_فرم_برنامه_هفتم#عنوان_برنامه_عملیاتی] AS b ON a.[ProjectID] = b.[ProjectID]
ProjectID,ProjectID,int,Report,vw_FB_فرم_آپلود_فایل,Report,vw_FB_فرم_اقای_احمدی,SELECT * FROM [Report].[vw_FB_فرم_آپلود_فایل] AS a INNER JOIN [Report].[vw_FB_فرم_اقای_احمدی] AS b ON a.[ProjectID] = b.[ProjectID]
ProjectID,ProjectID,int,Report,vw_FB_فرم_آپلود_فایل,Report,vw_FB_فرم_برنامه_هفتم#عملکرد_حکم,SELECT * FROM [Report].[vw_FB_فرم_آپلود_فایل] AS a INNER JOIN [Report].[vw_FB_فرم_برنامه_هفتم#عملکرد_حکم] AS b ON a.[ProjectID] = b.[ProjectID]
ProjectID,ProjectID,int,Report,vw_FB_فرم_آپلود_فایل,Report,vw_FB_فرم_برنامه_هفتم,SELECT * FROM [Report].[vw_FB_فرم_آپلود_فایل] AS a INNER JOIN [Report].[vw_FB_فرم_برنامه_هفتم] AS b ON a.[ProjectID] = b.[ProjectID]
ProjectID,ProjectID,int,Report,vw_FB_فرم_آپلود_فایل,Report,vw_FB_فرم_برنامه_هفتم#هدف_کمی,SELECT * FROM [Report].[vw_FB_فرم_آپلود_فایل] AS a INNER JOIN [Report].[vw_FB_فرم_برنامه_هفتم#هدف_کمی] AS b ON a.[ProjectID] = b.[ProjectID]
ProjectID,ProjectID,int,Report,vw_FB_فرم_اقای_احمدی,Report,vw_FB_فرم_برنامه_هفتم#هدف_کمی,SELECT * FROM [Report].[vw_FB_فرم_اقای_احمدی] AS a INNER JOIN [Report].[vw_FB_فرم_برنامه_هفتم#هدف_کمی] AS b ON a.[ProjectID] = b.[ProjectID]
ProjectID,ProjectID,int,Report,vw_FB_فرم_اقای_احمدی,Report,vw_FB_فرم_برنامه_هفتم,SELECT * FROM [Report].[vw_FB_فرم_اقای_احمدی] AS a INNER JOIN [Report].[vw_FB_فرم_برنامه_هفتم] AS b ON a.[ProjectID] = b.[ProjectID]
ProjectID,ProjectID,int,Report,vw_FB_فرم_اقای_احمدی,Report,vw_FB_فرم_برنامه_هفتم#عملکرد_حکم,SELECT * FROM [Report].[vw_FB_فرم_اقای_احمدی] AS a INNER JOIN [Report].[vw_FB_فرم_برنامه_هفتم#عملکرد_حکم] AS b ON a.[ProjectID] = b.[ProjectID]
ProjectID,ProjectID,int,Report,vw_FB_فرم_اقای_احمدی,Report,vw_FB_فرم_برنامه_هفتم#عنوان_برنامه_عملیاتی,SELECT * FROM [Report].[vw_FB_فرم_اقای_احمدی] AS a INNER JOIN [Report].[vw_FB_فرم_برنامه_هفتم#عنوان_برنامه_عملیاتی] AS b ON a.[ProjectID] = b.[ProjectID]
ProjectID,ProjectID,int,Report,vw_FB_فرم_اقای_احمدی,Report,vw_ResourceUsage,SELECT * FROM [Report].[vw_FB_فرم_اقای_احمدی] AS a INNER JOIN [Report].[vw_ResourceUsage] AS b ON a.[ProjectID] = b.[ProjectID]
ProjectID,ProjectId,int,Report,vw_FB_فرم_اقای_احمدی,Report,vw_Projects,SELECT * FROM [Report].[vw_FB_فرم_اقای_احمدی] AS a INNER JOIN [Report].[vw_Projects] AS b ON a.[ProjectID] = b.[ProjectId]
ProjectID,ProjectID,int,Report,vw_FB_فرم_اقای_احمدی,Report,vw_Payments,SELECT * FROM [Report].[vw_FB_فرم_اقای_احمدی] AS a INNER JOIN [Report].[vw_Payments] AS b ON a.[ProjectID] = b.[ProjectID]
ProjectID,ProjectID,int,Report,vw_FB_فرم_اقای_احمدی,Report,vw_FB_فرم_اقای_احمدی#child,SELECT * FROM [Report].[vw_FB_فرم_اقای_احمدی] AS a INNER JOIN [Report].[vw_FB_فرم_اقای_احمدی#child] AS b ON a.[ProjectID] = b.[ProjectID]
ProjectID,ProjectID,int,Report,vw_FB_فرم_اقای_احمدی,Report,vw_Risks,SELECT * FROM [Report].[vw_FB_فرم_اقای_احمدی] AS a INNER JOIN [Report].[vw_Risks] AS b ON a.[ProjectID] = b.[ProjectID]
ProjectID,ProjectID,int,Report,vw_FB_فرم_اقای_احمدی,Report,vw_Issues,SELECT * FROM [Report].[vw_FB_فرم_اقای_احمدی] AS a INNER JOIN [Report].[vw_Issues] AS b ON a.[ProjectID] = b.[ProjectID]
ProjectID,ProjectID,int,Report,vw_FB_فرم_اقای_احمدی,Report,vw_Photos,SELECT * FROM [Report].[vw_FB_فرم_اقای_احمدی] AS a INNER JOIN [Report].[vw_Photos] AS b ON a.[ProjectID] = b.[ProjectID]
ProjectID,ProjectID,int,Report,vw_FB_فرم_اقای_احمدی,Report,vw_WBS,SELECT * FROM [Report].[vw_FB_فرم_اقای_احمدی] AS a INNER JOIN [Report].[vw_WBS] AS b ON a.[ProjectID] = b.[ProjectID]
ProjectID,ProjectID,int,Report,vw_FB_فرم_اقای_احمدی,Report,vw_ProjectPlan,SELECT * FROM [Report].[vw_FB_فرم_اقای_احمدی] AS a INNER JOIN [Report].[vw_ProjectPlan] AS b ON a.[ProjectID] = b.[ProjectID]
ProjectID,ProjectID,int,Report,vw_FB_فرم_اقای_احمدی,Report,vw_ProjectScurve,SELECT * FROM [Report].[vw_FB_فرم_اقای_احمدی] AS a INNER JOIN [Report].[vw_ProjectScurve] AS b ON a.[ProjectID] = b.[ProjectID]
ProjectID,ProjectID,int,Report,vw_FB_فرم_اقای_احمدی,Report,vw_ProjectMonthlyReport,SELECT * FROM [Report].[vw_FB_فرم_اقای_احمدی] AS a INNER JOIN [Report].[vw_ProjectMonthlyReport] AS b ON a.[ProjectID] = b.[ProjectID]
ProjectID,ProjectID,int,Report,vw_FB_فرم_اقای_احمدی,Report,vw_ProjectPlanProgress,SELECT * FROM [Report].[vw_FB_فرم_اقای_احمدی] AS a INNER JOIN [Report].[vw_ProjectPlanProgress] AS b ON a.[ProjectID] = b.[ProjectID]
ProjectID,ProjectID,int,Report,vw_FB_فرم_اقای_احمدی,Report,vw_WorkItems,SELECT * FROM [Report].[vw_FB_فرم_اقای_احمدی] AS a INNER JOIN [Report].[vw_WorkItems] AS b ON a.[ProjectID] = b.[ProjectID]
ProjectID,ProjectID,int,Report,vw_FB_فرم_اقای_احمدی#child,Report,vw_WorkItems,SELECT * FROM [Report].[vw_FB_فرم_اقای_احمدی#child] AS a INNER JOIN [Report].[vw_WorkItems] AS b ON a.[ProjectID] = b.[ProjectID]
ProjectID,ProjectID,int,Report,vw_FB_فرم_اقای_احمدی#child,Report,vw_ProjectScurve,SELECT * FROM [Report].[vw_FB_فرم_اقای_احمدی#child] AS a INNER JOIN [Report].[vw_ProjectScurve] AS b ON a.[ProjectID] = b.[ProjectID]
ProjectID,ProjectID,int,Report,vw_FB_فرم_اقای_احمدی#child,Report,vw_ProjectPlanProgress,SELECT * FROM [Report].[vw_FB_فرم_اقای_احمدی#child] AS a INNER JOIN [Report].[vw_ProjectPlanProgress] AS b ON a.[ProjectID] = b.[ProjectID]
ProjectID,ProjectID,int,Report,vw_FB_فرم_اقای_احمدی#child,Report,vw_ProjectPlan,SELECT * FROM [Report].[vw_FB_فرم_اقای_احمدی#child] AS a INNER JOIN [Report].[vw_ProjectPlan] AS b ON a.[ProjectID] = b.[ProjectID]
ProjectID,ProjectID,int,Report,vw_FB_فرم_اقای_احمدی#child,Report,vw_WBS,SELECT * FROM [Report].[vw_FB_فرم_اقای_احمدی#child] AS a INNER JOIN [Report].[vw_WBS] AS b ON a.[ProjectID] = b.[ProjectID]
ProjectID,ProjectID,int,Report,vw_FB_فرم_اقای_احمدی#child,Report,vw_Photos,SELECT * FROM [Report].[vw_FB_فرم_اقای_احمدی#child] AS a INNER JOIN [Report].[vw_Photos] AS b ON a.[ProjectID] = b.[ProjectID]
ProjectID,ProjectID,int,Report,vw_FB_فرم_اقای_احمدی#child,Report,vw_ProjectMonthlyReport,SELECT * FROM [Report].[vw_FB_فرم_اقای_احمدی#child] AS a INNER JOIN [Report].[vw_ProjectMonthlyReport] AS b ON a.[ProjectID] = b.[ProjectID]
ProjectID,ProjectID,int,Report,vw_FB_فرم_اقای_احمدی#child,Report,vw_Issues,SELECT * FROM [Report].[vw_FB_فرم_اقای_احمدی#child] AS a INNER JOIN [Report].[vw_Issues] AS b ON a.[ProjectID] = b.[ProjectID]
ProjectID,ProjectID,int,Report,vw_FB_فرم_اقای_احمدی#child,Report,vw_Risks,SELECT * FROM [Report].[vw_FB_فرم_اقای_احمدی#child] AS a INNER JOIN [Report].[vw_Risks] AS b ON a.[ProjectID] = b.[ProjectID]
ProjectID,ProjectID,int,Report,vw_FB_فرم_اقای_احمدی#child,Report,vw_Payments,SELECT * FROM [Report].[vw_FB_فرم_اقای_احمدی#child] AS a INNER JOIN [Report].[vw_Payments] AS b ON a.[ProjectID] = b.[ProjectID]
ProjectID,ProjectId,int,Report,vw_FB_فرم_اقای_احمدی#child,Report,vw_Projects,SELECT * FROM [Report].[vw_FB_فرم_اقای_احمدی#child] AS a INNER JOIN [Report].[vw_Projects] AS b ON a.[ProjectID] = b.[ProjectId]
ProjectID,ProjectID,int,Report,vw_FB_فرم_اقای_احمدی#child,Report,vw_ResourceUsage,SELECT * FROM [Report].[vw_FB_فرم_اقای_احمدی#child] AS a INNER JOIN [Report].[vw_ResourceUsage] AS b ON a.[ProjectID] = b.[ProjectID]
ProjectID,ProjectID,int,Report,vw_FB_فرم_اقای_احمدی#child,Report,vw_FB_فرم_برنامه_هفتم#عنوان_برنامه_عملیاتی,SELECT * FROM [Report].[vw_FB_فرم_اقای_احمدی#child] AS a INNER JOIN [Report].[vw_FB_فرم_برنامه_هفتم#عنوان_برنامه_عملیاتی] AS b ON a.[ProjectID] = b.[ProjectID]
ProjectID,ProjectID,int,Report,vw_FB_فرم_اقای_احمدی#child,Report,vw_FB_فرم_برنامه_هفتم#عملکرد_حکم,SELECT * FROM [Report].[vw_FB_فرم_اقای_احمدی#child] AS a INNER JOIN [Report].[vw_FB_فرم_برنامه_هفتم#عملکرد_حکم] AS b ON a.[ProjectID] = b.[ProjectID]
ProjectID,ProjectID,int,Report,vw_FB_فرم_اقای_احمدی#child,Report,vw_FB_فرم_برنامه_هفتم,SELECT * FROM [Report].[vw_FB_فرم_اقای_احمدی#child] AS a INNER JOIN [Report].[vw_FB_فرم_برنامه_هفتم] AS b ON a.[ProjectID] = b.[ProjectID]
ProjectID,ProjectID,int,Report,vw_FB_فرم_اقای_احمدی#child,Report,vw_FB_فرم_برنامه_هفتم#هدف_کمی,SELECT * FROM [Report].[vw_FB_فرم_اقای_احمدی#child] AS a INNER JOIN [Report].[vw_FB_فرم_برنامه_هفتم#هدف_کمی] AS b ON a.[ProjectID] = b.[ProjectID]
ProjectID,ProjectID,int,Report,vw_FB_فرم_برنامه_هفتم,Report,vw_FB_فرم_برنامه_هفتم#هدف_کمی,SELECT * FROM [Report].[vw_FB_فرم_برنامه_هفتم] AS a INNER JOIN [Report].[vw_FB_فرم_برنامه_هفتم#هدف_کمی] AS b ON a.[ProjectID] = b.[ProjectID]
ProjectID,ProjectID,int,Report,vw_FB_فرم_برنامه_هفتم,Report,vw_FB_فرم_برنامه_هفتم#عملکرد_حکم,SELECT * FROM [Report].[vw_FB_فرم_برنامه_هفتم] AS a INNER JOIN [Report].[vw_FB_فرم_برنامه_هفتم#عملکرد_حکم] AS b ON a.[ProjectID] = b.[ProjectID]
ProjectID,ProjectID,int,Report,vw_FB_فرم_برنامه_هفتم,Report,vw_FB_فرم_برنامه_هفتم#عنوان_برنامه_عملیاتی,SELECT * FROM [Report].[vw_FB_فرم_برنامه_هفتم] AS a INNER JOIN [Report].[vw_FB_فرم_برنامه_هفتم#عنوان_برنامه_عملیاتی] AS b ON a.[ProjectID] = b.[ProjectID]
ProjectID,ProjectID,int,Report,vw_FB_فرم_برنامه_هفتم,Report,vw_ResourceUsage,SELECT * FROM [Report].[vw_FB_فرم_برنامه_هفتم] AS a INNER JOIN [Report].[vw_ResourceUsage] AS b ON a.[ProjectID] = b.[ProjectID]
ProjectID,ProjectId,int,Report,vw_FB_فرم_برنامه_هفتم,Report,vw_Projects,SELECT * FROM [Report].[vw_FB_فرم_برنامه_هفتم] AS a INNER JOIN [Report].[vw_Projects] AS b ON a.[ProjectID] = b.[ProjectId]
ProjectID,ProjectID,int,Report,vw_FB_فرم_برنامه_هفتم,Report,vw_Risks,SELECT * FROM [Report].[vw_FB_فرم_برنامه_هفتم] AS a INNER JOIN [Report].[vw_Risks] AS b ON a.[ProjectID] = b.[ProjectID]
ProjectID,ProjectID,int,Report,vw_FB_فرم_برنامه_هفتم,Report,vw_Payments,SELECT * FROM [Report].[vw_FB_فرم_برنامه_هفتم] AS a INNER JOIN [Report].[vw_Payments] AS b ON a.[ProjectID] = b.[ProjectID]
ProjectID,ProjectID,int,Report,vw_FB_فرم_برنامه_هفتم,Report,vw_Issues,SELECT * FROM [Report].[vw_FB_فرم_برنامه_هفتم] AS a INNER JOIN [Report].[vw_Issues] AS b ON a.[ProjectID] = b.[ProjectID]
ProjectID,ProjectID,int,Report,vw_FB_فرم_برنامه_هفتم,Report,vw_Photos,SELECT * FROM [Report].[vw_FB_فرم_برنامه_هفتم] AS a INNER JOIN [Report].[vw_Photos] AS b ON a.[ProjectID] = b.[ProjectID]
ProjectID,ProjectID,int,Report,vw_FB_فرم_برنامه_هفتم,Report,vw_WBS,SELECT * FROM [Report].[vw_FB_فرم_برنامه_هفتم] AS a INNER JOIN [Report].[vw_WBS] AS b ON a.[ProjectID] = b.[ProjectID]
ProjectID,ProjectID,int,Report,vw_FB_فرم_برنامه_هفتم,Report,vw_WorkItems,SELECT * FROM [Report].[vw_FB_فرم_برنامه_هفتم] AS a INNER JOIN [Report].[vw_WorkItems] AS b ON a.[ProjectID] = b.[ProjectID]
ProjectID,ProjectID,int,Report,vw_FB_فرم_برنامه_هفتم,Report,vw_ProjectPlan,SELECT * FROM [Report].[vw_FB_فرم_برنامه_هفتم] AS a INNER JOIN [Report].[vw_ProjectPlan] AS b ON a.[ProjectID] = b.[ProjectID]
ProjectID,ProjectID,int,Report,vw_FB_فرم_برنامه_هفتم,Report,vw_ProjectPlanProgress,SELECT * FROM [Report].[vw_FB_فرم_برنامه_هفتم] AS a INNER JOIN [Report].[vw_ProjectPlanProgress] AS b ON a.[ProjectID] = b.[ProjectID]
ProjectID,ProjectID,int,Report,vw_FB_فرم_برنامه_هفتم,Report,vw_ProjectScurve,SELECT * FROM [Report].[vw_FB_فرم_برنامه_هفتم] AS a INNER JOIN [Report].[vw_ProjectScurve] AS b ON a.[ProjectID] = b.[ProjectID]
ProjectID,ProjectID,int,Report,vw_FB_فرم_برنامه_هفتم,Report,vw_ProjectMonthlyReport,SELECT * FROM [Report].[vw_FB_فرم_برنامه_هفتم] AS a INNER JOIN [Report].[vw_ProjectMonthlyReport] AS b ON a.[ProjectID] = b.[ProjectID]
ProjectID,ProjectID,int,Report,vw_FB_فرم_برنامه_هفتم#عملکرد_حکم,Report,vw_ProjectMonthlyReport,SELECT * FROM [Report].[vw_FB_فرم_برنامه_هفتم#عملکرد_حکم] AS a INNER JOIN [Report].[vw_ProjectMonthlyReport] AS b ON a.[ProjectID] = b.[ProjectID]
ProjectID,ProjectID,int,Report,vw_FB_فرم_برنامه_هفتم#عملکرد_حکم,Report,vw_ProjectPlanProgress,SELECT * FROM [Report].[vw_FB_فرم_برنامه_هفتم#عملکرد_حکم] AS a INNER JOIN [Report].[vw_ProjectPlanProgress] AS b ON a.[ProjectID] = b.[ProjectID]
ProjectID,ProjectID,int,Report,vw_FB_فرم_برنامه_هفتم#عملکرد_حکم,Report,vw_ProjectScurve,SELECT * FROM [Report].[vw_FB_فرم_برنامه_هفتم#عملکرد_حکم] AS a INNER JOIN [Report].[vw_ProjectScurve] AS b ON a.[ProjectID] = b.[ProjectID]
ProjectID,ProjectID,int,Report,vw_FB_فرم_برنامه_هفتم#عملکرد_حکم,Report,vw_WorkItems,SELECT * FROM [Report].[vw_FB_فرم_برنامه_هفتم#عملکرد_حکم] AS a INNER JOIN [Report].[vw_WorkItems] AS b ON a.[ProjectID] = b.[ProjectID]
ProjectID,ProjectID,int,Report,vw_FB_فرم_برنامه_هفتم#عملکرد_حکم,Report,vw_ProjectPlan,SELECT * FROM [Report].[vw_FB_فرم_برنامه_هفتم#عملکرد_حکم] AS a INNER JOIN [Report].[vw_ProjectPlan] AS b ON a.[ProjectID] = b.[ProjectID]
ProjectID,ProjectID,int,Report,vw_FB_فرم_برنامه_هفتم#عملکرد_حکم,Report,vw_WBS,SELECT * FROM [Report].[vw_FB_فرم_برنامه_هفتم#عملکرد_حکم] AS a INNER JOIN [Report].[vw_WBS] AS b ON a.[ProjectID] = b.[ProjectID]
ProjectID,ProjectID,int,Report,vw_FB_فرم_برنامه_هفتم#عملکرد_حکم,Report,vw_Photos,SELECT * FROM [Report].[vw_FB_فرم_برنامه_هفتم#عملکرد_حکم] AS a INNER JOIN [Report].[vw_Photos] AS b ON a.[ProjectID] = b.[ProjectID]
ProjectID,ProjectID,int,Report,vw_FB_فرم_برنامه_هفتم#عملکرد_حکم,Report,vw_Issues,SELECT * FROM [Report].[vw_FB_فرم_برنامه_هفتم#عملکرد_حکم] AS a INNER JOIN [Report].[vw_Issues] AS b ON a.[ProjectID] = b.[ProjectID]
ProjectID,ProjectID,int,Report,vw_FB_فرم_برنامه_هفتم#عملکرد_حکم,Report,vw_Risks,SELECT * FROM [Report].[vw_FB_فرم_برنامه_هفتم#عملکرد_حکم] AS a INNER JOIN [Report].[vw_Risks] AS b ON a.[ProjectID] = b.[ProjectID]
ProjectID,ProjectID,int,Report,vw_FB_فرم_برنامه_هفتم#عملکرد_حکم,Report,vw_Payments,SELECT * FROM [Report].[vw_FB_فرم_برنامه_هفتم#عملکرد_حکم] AS a INNER JOIN [Report].[vw_Payments] AS b ON a.[ProjectID] = b.[ProjectID]
ProjectID,ProjectId,int,Report,vw_FB_فرم_برنامه_هفتم#عملکرد_حکم,Report,vw_Projects,SELECT * FROM [Report].[vw_FB_فرم_برنامه_هفتم#عملکرد_حکم] AS a INNER JOIN [Report].[vw_Projects] AS b ON a.[ProjectID] = b.[ProjectId]
ProjectID,ProjectID,int,Report,vw_FB_فرم_برنامه_هفتم#عملکرد_حکم,Report,vw_ResourceUsage,SELECT * FROM [Report].[vw_FB_فرم_برنامه_هفتم#عملکرد_حکم] AS a INNER JOIN [Report].[vw_ResourceUsage] AS b ON a.[ProjectID] = b.[ProjectID]
ProjectID,ProjectID,int,Report,vw_FB_فرم_برنامه_هفتم#عملکرد_حکم,Report,vw_FB_فرم_برنامه_هفتم#عنوان_برنامه_عملیاتی,SELECT * FROM [Report].[vw_FB_فرم_برنامه_هفتم#عملکرد_حکم] AS a INNER JOIN [Report].[vw_FB_فرم_برنامه_هفتم#عنوان_برنامه_عملیاتی] AS b ON a.[ProjectID] = b.[ProjectID]
ProjectID,ProjectID,int,Report,vw_FB_فرم_برنامه_هفتم#عملکرد_حکم,Report,vw_FB_فرم_برنامه_هفتم#هدف_کمی,SELECT * FROM [Report].[vw_FB_فرم_برنامه_هفتم#عملکرد_حکم] AS a INNER JOIN [Report].[vw_FB_فرم_برنامه_هفتم#هدف_کمی] AS b ON a.[ProjectID] = b.[ProjectID]
ProjectID,ProjectID,int,Report,vw_FB_فرم_برنامه_هفتم#عنوان_برنامه_عملیاتی,Report,vw_FB_فرم_برنامه_هفتم#هدف_کمی,SELECT * FROM [Report].[vw_FB_فرم_برنامه_هفتم#عنوان_برنامه_عملیاتی] AS a INNER JOIN [Report].[vw_FB_فرم_برنامه_هفتم#هدف_کمی] AS b ON a.[ProjectID] = b.[ProjectID]
ProjectID,ProjectID,int,Report,vw_FB_فرم_برنامه_هفتم#عنوان_برنامه_عملیاتی,Report,vw_ResourceUsage,SELECT * FROM [Report].[vw_FB_فرم_برنامه_هفتم#عنوان_برنامه_عملیاتی] AS a INNER JOIN [Report].[vw_ResourceUsage] AS b ON a.[ProjectID] = b.[ProjectID]
ProjectID,ProjectId,int,Report,vw_FB_فرم_برنامه_هفتم#عنوان_برنامه_عملیاتی,Report,vw_Projects,SELECT * FROM [Report].[vw_FB_فرم_برنامه_هفتم#عنوان_برنامه_عملیاتی] AS a INNER JOIN [Report].[vw_Projects] AS b ON a.[ProjectID] = b.[ProjectId]
ProjectID,ProjectID,int,Report,vw_FB_فرم_برنامه_هفتم#عنوان_برنامه_عملیاتی,Report,vw_Payments,SELECT * FROM [Report].[vw_FB_فرم_برنامه_هفتم#عنوان_برنامه_عملیاتی] AS a INNER JOIN [Report].[vw_Payments] AS b ON a.[ProjectID] = b.[ProjectID]
ProjectID,ProjectID,int,Report,vw_FB_فرم_برنامه_هفتم#عنوان_برنامه_عملیاتی,Report,vw_Risks,SELECT * FROM [Report].[vw_FB_فرم_برنامه_هفتم#عنوان_برنامه_عملیاتی] AS a INNER JOIN [Report].[vw_Risks] AS b ON a.[ProjectID] = b.[ProjectID]
ProjectID,ProjectID,int,Report,vw_FB_فرم_برنامه_هفتم#عنوان_برنامه_عملیاتی,Report,vw_Issues,SELECT * FROM [Report].[vw_FB_فرم_برنامه_هفتم#عنوان_برنامه_عملیاتی] AS a INNER JOIN [Report].[vw_Issues] AS b ON a.[ProjectID] = b.[ProjectID]
ProjectID,ProjectID,int,Report,vw_FB_فرم_برنامه_هفتم#عنوان_برنامه_عملیاتی,Report,vw_Photos,SELECT * FROM [Report].[vw_FB_فرم_برنامه_هفتم#عنوان_برنامه_عملیاتی] AS a INNER JOIN [Report].[vw_Photos] AS b ON a.[ProjectID] = b.[ProjectID]
ProjectID,ProjectID,int,Report,vw_FB_فرم_برنامه_هفتم#عنوان_برنامه_عملیاتی,Report,vw_WBS,SELECT * FROM [Report].[vw_FB_فرم_برنامه_هفتم#عنوان_برنامه_عملیاتی] AS a INNER JOIN [Report].[vw_WBS] AS b ON a.[ProjectID] = b.[ProjectID]
ProjectID,ProjectID,int,Report,vw_FB_فرم_برنامه_هفتم#عنوان_برنامه_عملیاتی,Report,vw_ProjectPlan,SELECT * FROM [Report].[vw_FB_فرم_برنامه_هفتم#عنوان_برنامه_عملیاتی] AS a INNER JOIN [Report].[vw_ProjectPlan] AS b ON a.[ProjectID] = b.[ProjectID]
ProjectID,ProjectID,int,Report,vw_FB_فرم_برنامه_هفتم#عنوان_برنامه_عملیاتی,Report,vw_WorkItems,SELECT * FROM [Report].[vw_FB_فرم_برنامه_هفتم#عنوان_برنامه_عملیاتی] AS a INNER JOIN [Report].[vw_WorkItems] AS b ON a.[ProjectID] = b.[ProjectID]
ProjectID,ProjectID,int,Report,vw_FB_فرم_برنامه_هفتم#عنوان_برنامه_عملیاتی,Report,vw_ProjectScurve,SELECT * FROM [Report].[vw_FB_فرم_برنامه_هفتم#عنوان_برنامه_عملیاتی] AS a INNER JOIN [Report].[vw_ProjectScurve] AS b ON a.[ProjectID] = b.[ProjectID]
ProjectID,ProjectID,int,Report,vw_FB_فرم_برنامه_هفتم#عنوان_برنامه_عملیاتی,Report,vw_ProjectPlanProgress,SELECT * FROM [Report].[vw_FB_فرم_برنامه_هفتم#عنوان_برنامه_عملیاتی] AS a INNER JOIN [Report].[vw_ProjectPlanProgress] AS b ON a.[ProjectID] = b.[ProjectID]
ProjectID,ProjectID,int,Report,vw_FB_فرم_برنامه_هفتم#عنوان_برنامه_عملیاتی,Report,vw_ProjectMonthlyReport,SELECT * FROM [Report].[vw_FB_فرم_برنامه_هفتم#عنوان_برنامه_عملیاتی] AS a INNER JOIN [Report].[vw_ProjectMonthlyReport] AS b ON a.[ProjectID] = b.[ProjectID]
ProjectID,ProjectID,int,Report,vw_FB_فرم_برنامه_هفتم#هدف_کمی,Report,vw_ProjectMonthlyReport,SELECT * FROM [Report].[vw_FB_فرم_برنامه_هفتم#هدف_کمی] AS a INNER JOIN [Report].[vw_ProjectMonthlyReport] AS b ON a.[ProjectID] = b.[ProjectID]
ProjectID,ProjectID,int,Report,vw_FB_فرم_برنامه_هفتم#هدف_کمی,Report,vw_ProjectPlanProgress,SELECT * FROM [Report].[vw_FB_فرم_برنامه_هفتم#هدف_کمی] AS a INNER JOIN [Report].[vw_ProjectPlanProgress] AS b ON a.[ProjectID] = b.[ProjectID]
ProjectID,ProjectID,int,Report,vw_FB_فرم_برنامه_هفتم#هدف_کمی,Report,vw_ProjectScurve,SELECT * FROM [Report].[vw_FB_فرم_برنامه_هفتم#هدف_کمی] AS a INNER JOIN [Report].[vw_ProjectScurve] AS b ON a.[ProjectID] = b.[ProjectID]
ProjectID,ProjectID,int,Report,vw_FB_فرم_برنامه_هفتم#هدف_کمی,Report,vw_WorkItems,SELECT * FROM [Report].[vw_FB_فرم_برنامه_هفتم#هدف_کمی] AS a INNER JOIN [Report].[vw_WorkItems] AS b ON a.[ProjectID] = b.[ProjectID]
ProjectID,ProjectID,int,Report,vw_FB_فرم_برنامه_هفتم#هدف_کمی,Report,vw_ProjectPlan,SELECT * FROM [Report].[vw_FB_فرم_برنامه_هفتم#هدف_کمی] AS a INNER JOIN [Report].[vw_ProjectPlan] AS b ON a.[ProjectID] = b.[ProjectID]
ProjectID,ProjectID,int,Report,vw_FB_فرم_برنامه_هفتم#هدف_کمی,Report,vw_WBS,SELECT * FROM [Report].[vw_FB_فرم_برنامه_هفتم#هدف_کمی] AS a INNER JOIN [Report].[vw_WBS] AS b ON a.[ProjectID] = b.[ProjectID]
ProjectID,ProjectID,int,Report,vw_FB_فرم_برنامه_هفتم#هدف_کمی,Report,vw_Photos,SELECT * FROM [Report].[vw_FB_فرم_برنامه_هفتم#هدف_کمی] AS a INNER JOIN [Report].[vw_Photos] AS b ON a.[ProjectID] = b.[ProjectID]
ProjectID,ProjectID,int,Report,vw_FB_فرم_برنامه_هفتم#هدف_کمی,Report,vw_Issues,SELECT * FROM [Report].[vw_FB_فرم_برنامه_هفتم#هدف_کمی] AS a INNER JOIN [Report].[vw_Issues] AS b ON a.[ProjectID] = b.[ProjectID]
ProjectID,ProjectID,int,Report,vw_FB_فرم_برنامه_هفتم#هدف_کمی,Report,vw_Risks,SELECT * FROM [Report].[vw_FB_فرم_برنامه_هفتم#هدف_کمی] AS a INNER JOIN [Report].[vw_Risks] AS b ON a.[ProjectID] = b.[ProjectID]
ProjectID,ProjectID,int,Report,vw_FB_فرم_برنامه_هفتم#هدف_کمی,Report,vw_Payments,SELECT * FROM [Report].[vw_FB_فرم_برنامه_هفتم#هدف_کمی] AS a INNER JOIN [Report].[vw_Payments] AS b ON a.[ProjectID] = b.[ProjectID]
ProjectID,ProjectId,int,Report,vw_FB_فرم_برنامه_هفتم#هدف_کمی,Report,vw_Projects,SELECT * FROM [Report].[vw_FB_فرم_برنامه_هفتم#هدف_کمی] AS a INNER JOIN [Report].[vw_Projects] AS b ON a.[ProjectID] = b.[ProjectId]
ProjectID,ProjectID,int,Report,vw_FB_فرم_برنامه_هفتم#هدف_کمی,Report,vw_ResourceUsage,SELECT * FROM [Report].[vw_FB_فرم_برنامه_هفتم#هدف_کمی] AS a INNER JOIN [Report].[vw_ResourceUsage] AS b ON a.[ProjectID] = b.[ProjectID]
ProjectID,ProjectID,int,Report,vw_Issues,Report,vw_ResourceUsage,SELECT * FROM [Report].[vw_Issues] AS a INNER JOIN [Report].[vw_ResourceUsage] AS b ON a.[ProjectID] = b.[ProjectID]
ProjectID,ProjectId,int,Report,vw_Issues,Report,vw_Projects,SELECT * FROM [Report].[vw_Issues] AS a INNER JOIN [Report].[vw_Projects] AS b ON a.[ProjectID] = b.[ProjectId]
ProjectID,ProjectID,int,Report,vw_Issues,Report,vw_Payments,SELECT * FROM [Report].[vw_Issues] AS a INNER JOIN [Report].[vw_Payments] AS b ON a.[ProjectID] = b.[ProjectID]
ProjectID,ProjectID,int,Report,vw_Issues,Report,vw_Risks,SELECT * FROM [Report].[vw_Issues] AS a INNER JOIN [Report].[vw_Risks] AS b ON a.[ProjectID] = b.[ProjectID]
ProjectID,ProjectID,int,Report,vw_Issues,Report,vw_Photos,SELECT * FROM [Report].[vw_Issues] AS a INNER JOIN [Report].[vw_Photos] AS b ON a.[ProjectID] = b.[ProjectID]
ProjectID,ProjectID,int,Report,vw_Issues,Report,vw_ProjectMonthlyReport,SELECT * FROM [Report].[vw_Issues] AS a INNER JOIN [Report].[vw_ProjectMonthlyReport] AS b ON a.[ProjectID] = b.[ProjectID]
ProjectID,ProjectID,int,Report,vw_Issues,Report,vw_WBS,SELECT * FROM [Report].[vw_Issues] AS a INNER JOIN [Report].[vw_WBS] AS b ON a.[ProjectID] = b.[ProjectID]
ProjectID,ProjectID,int,Report,vw_Issues,Report,vw_ProjectPlan,SELECT * FROM [Report].[vw_Issues] AS a INNER JOIN [Report].[vw_ProjectPlan] AS b ON a.[ProjectID] = b.[ProjectID]
ProjectID,ProjectID,int,Report,vw_Issues,Report,vw_WorkItems,SELECT * FROM [Report].[vw_Issues] AS a INNER JOIN [Report].[vw_WorkItems] AS b ON a.[ProjectID] = b.[ProjectID]
ProjectID,ProjectID,int,Report,vw_Issues,Report,vw_ProjectScurve,SELECT * FROM [Report].[vw_Issues] AS a INNER JOIN [Report].[vw_ProjectScurve] AS b ON a.[ProjectID] = b.[ProjectID]
ProjectID,ProjectID,int,Report,vw_Issues,Report,vw_ProjectPlanProgress,SELECT * FROM [Report].[vw_Issues] AS a INNER JOIN [Report].[vw_ProjectPlanProgress] AS b ON a.[ProjectID] = b.[ProjectID]
ProjectID,ProjectID,int,Report,vw_Payments,Report,vw_ProjectPlanProgress,SELECT * FROM [Report].[vw_Payments] AS a INNER JOIN [Report].[vw_ProjectPlanProgress] AS b ON a.[ProjectID] = b.[ProjectID]
ProjectID,ProjectID,int,Report,vw_Payments,Report,vw_ProjectScurve,SELECT * FROM [Report].[vw_Payments] AS a INNER JOIN [Report].[vw_ProjectScurve] AS b ON a.[ProjectID] = b.[ProjectID]
ProjectID,ProjectID,int,Report,vw_Payments,Report,vw_WorkItems,SELECT * FROM [Report].[vw_Payments] AS a INNER JOIN [Report].[vw_WorkItems] AS b ON a.[ProjectID] = b.[ProjectID]
ProjectID,ProjectID,int,Report,vw_Payments,Report,vw_ProjectPlan,SELECT * FROM [Report].[vw_Payments] AS a INNER JOIN [Report].[vw_ProjectPlan] AS b ON a.[ProjectID] = b.[ProjectID]
ProjectID,ProjectID,int,Report,vw_Payments,Report,vw_WBS,SELECT * FROM [Report].[vw_Payments] AS a INNER JOIN [Report].[vw_WBS] AS b ON a.[ProjectID] = b.[ProjectID]
ProjectID,ProjectID,int,Report,vw_Payments,Report,vw_ProjectMonthlyReport,SELECT * FROM [Report].[vw_Payments] AS a INNER JOIN [Report].[vw_ProjectMonthlyReport] AS b ON a.[ProjectID] = b.[ProjectID]
ProjectID,ProjectID,int,Report,vw_Payments,Report,vw_Photos,SELECT * FROM [Report].[vw_Payments] AS a INNER JOIN [Report].[vw_Photos] AS b ON a.[ProjectID] = b.[ProjectID]
ProjectID,ProjectID,int,Report,vw_Payments,Report,vw_Risks,SELECT * FROM [Report].[vw_Payments] AS a INNER JOIN [Report].[vw_Risks] AS b ON a.[ProjectID] = b.[ProjectID]
ProjectID,ProjectId,int,Report,vw_Payments,Report,vw_Projects,SELECT * FROM [Report].[vw_Payments] AS a INNER JOIN [Report].[vw_Projects] AS b ON a.[ProjectID] = b.[ProjectId]
ProjectID,ProjectID,int,Report,vw_Payments,Report,vw_ResourceUsage,SELECT * FROM [Report].[vw_Payments] AS a INNER JOIN [Report].[vw_ResourceUsage] AS b ON a.[ProjectID] = b.[ProjectID]
ProjectID,ProjectID,int,Report,vw_Photos,Report,vw_ResourceUsage,SELECT * FROM [Report].[vw_Photos] AS a INNER JOIN [Report].[vw_ResourceUsage] AS b ON a.[ProjectID] = b.[ProjectID]
ProjectID,ProjectId,int,Report,vw_Photos,Report,vw_Projects,SELECT * FROM [Report].[vw_Photos] AS a INNER JOIN [Report].[vw_Projects] AS b ON a.[ProjectID] = b.[ProjectId]
ProjectID,ProjectID,int,Report,vw_Photos,Report,vw_Risks,SELECT * FROM [Report].[vw_Photos] AS a INNER JOIN [Report].[vw_Risks] AS b ON a.[ProjectID] = b.[ProjectID]
ProjectID,ProjectID,int,Report,vw_Photos,Report,vw_WBS,SELECT * FROM [Report].[vw_Photos] AS a INNER JOIN [Report].[vw_WBS] AS b ON a.[ProjectID] = b.[ProjectID]
ProjectID,ProjectID,int,Report,vw_Photos,Report,vw_ProjectPlan,SELECT * FROM [Report].[vw_Photos] AS a INNER JOIN [Report].[vw_ProjectPlan] AS b ON a.[ProjectID] = b.[ProjectID]
ProjectID,ProjectID,int,Report,vw_Photos,Report,vw_WorkItems,SELECT * FROM [Report].[vw_Photos] AS a INNER JOIN [Report].[vw_WorkItems] AS b ON a.[ProjectID] = b.[ProjectID]
ProjectID,ProjectID,int,Report,vw_Photos,Report,vw_ProjectScurve,SELECT * FROM [Report].[vw_Photos] AS a INNER JOIN [Report].[vw_ProjectScurve] AS b ON a.[ProjectID] = b.[ProjectID]
ProjectID,ProjectID,int,Report,vw_Photos,Report,vw_ProjectPlanProgress,SELECT * FROM [Report].[vw_Photos] AS a INNER JOIN [Report].[vw_ProjectPlanProgress] AS b ON a.[ProjectID] = b.[ProjectID]
ProjectID,ProjectID,int,Report,vw_Photos,Report,vw_ProjectMonthlyReport,SELECT * FROM [Report].[vw_Photos] AS a INNER JOIN [Report].[vw_ProjectMonthlyReport] AS b ON a.[ProjectID] = b.[ProjectID]
ProjectID,ProjectID,int,Report,vw_ProjectMonthlyReport,Report,vw_ProjectPlanProgress,SELECT * FROM [Report].[vw_ProjectMonthlyReport] AS a INNER JOIN [Report].[vw_ProjectPlanProgress] AS b ON a.[ProjectID] = b.[ProjectID]
ProjectID,ProjectID,int,Report,vw_ProjectMonthlyReport,Report,vw_ProjectScurve,SELECT * FROM [Report].[vw_ProjectMonthlyReport] AS a INNER JOIN [Report].[vw_ProjectScurve] AS b ON a.[ProjectID] = b.[ProjectID]
ProjectID,ProjectID,int,Report,vw_ProjectMonthlyReport,Report,vw_WorkItems,SELECT * FROM [Report].[vw_ProjectMonthlyReport] AS a INNER JOIN [Report].[vw_WorkItems] AS b ON a.[ProjectID] = b.[ProjectID]
ProjectID,ProjectID,int,Report,vw_ProjectMonthlyReport,Report,vw_ProjectPlan,SELECT * FROM [Report].[vw_ProjectMonthlyReport] AS a INNER JOIN [Report].[vw_ProjectPlan] AS b ON a.[ProjectID] = b.[ProjectID]
ProjectID,ProjectID,int,Report,vw_ProjectMonthlyReport,Report,vw_WBS,SELECT * FROM [Report].[vw_ProjectMonthlyReport] AS a INNER JOIN [Report].[vw_WBS] AS b ON a.[ProjectID] = b.[ProjectID]
ProjectID,ProjectID,int,Report,vw_ProjectMonthlyReport,Report,vw_Risks,SELECT * FROM [Report].[vw_ProjectMonthlyReport] AS a INNER JOIN [Report].[vw_Risks] AS b ON a.[ProjectID] = b.[ProjectID]
ProjectID,ProjectId,int,Report,vw_ProjectMonthlyReport,Report,vw_Projects,SELECT * FROM [Report].[vw_ProjectMonthlyReport] AS a INNER JOIN [Report].[vw_Projects] AS b ON a.[ProjectID] = b.[ProjectId]
ProjectID,ProjectID,int,Report,vw_ProjectMonthlyReport,Report,vw_ResourceUsage,SELECT * FROM [Report].[vw_ProjectMonthlyReport] AS a INNER JOIN [Report].[vw_ResourceUsage] AS b ON a.[ProjectID] = b.[ProjectID]
ProjectID,ProjectID,int,Report,vw_ProjectPlan,Report,vw_ResourceUsage,SELECT * FROM [Report].[vw_ProjectPlan] AS a INNER JOIN [Report].[vw_ResourceUsage] AS b ON a.[ProjectID] = b.[ProjectID]
ProjectID,ProjectId,int,Report,vw_ProjectPlan,Report,vw_Projects,SELECT * FROM [Report].[vw_ProjectPlan] AS a INNER JOIN [Report].[vw_Projects] AS b ON a.[ProjectID] = b.[ProjectId]
ProjectID,ProjectID,int,Report,vw_ProjectPlan,Report,vw_Risks,SELECT * FROM [Report].[vw_ProjectPlan] AS a INNER JOIN [Report].[vw_Risks] AS b ON a.[ProjectID] = b.[ProjectID]
ProjectID,ProjectID,int,Report,vw_ProjectPlan,Report,vw_WorkItems,SELECT * FROM [Report].[vw_ProjectPlan] AS a INNER JOIN [Report].[vw_WorkItems] AS b ON a.[ProjectID] = b.[ProjectID]
ProjectID,ProjectID,int,Report,vw_ProjectPlan,Report,vw_WBS,SELECT * FROM [Report].[vw_ProjectPlan] AS a INNER JOIN [Report].[vw_WBS] AS b ON a.[ProjectID] = b.[ProjectID]
ProjectID,ProjectID,int,Report,vw_ProjectPlan,Report,vw_ProjectScurve,SELECT * FROM [Report].[vw_ProjectPlan] AS a INNER JOIN [Report].[vw_ProjectScurve] AS b ON a.[ProjectID] = b.[ProjectID]
ProjectID,ProjectID,int,Report,vw_ProjectPlan,Report,vw_ProjectPlanProgress,SELECT * FROM [Report].[vw_ProjectPlan] AS a INNER JOIN [Report].[vw_ProjectPlanProgress] AS b ON a.[ProjectID] = b.[ProjectID]
ProjectID,ProjectID,bigint,Report,vw_ProjectPlanProgress,Report,vw_ProjectScurve,SELECT * FROM [Report].[vw_ProjectPlanProgress] AS a INNER JOIN [Report].[vw_ProjectScurve] AS b ON a.[ProjectID] = b.[ProjectID]
ProjectID,ProjectID,bigint,Report,vw_ProjectPlanProgress,Report,vw_WorkItems,SELECT * FROM [Report].[vw_ProjectPlanProgress] AS a INNER JOIN [Report].[vw_WorkItems] AS b ON a.[ProjectID] = b.[ProjectID]
ProjectID,ProjectID,bigint,Report,vw_ProjectPlanProgress,Report,vw_WBS,SELECT * FROM [Report].[vw_ProjectPlanProgress] AS a INNER JOIN [Report].[vw_WBS] AS b ON a.[ProjectID] = b.[ProjectID]
ProjectID,ProjectID,bigint,Report,vw_ProjectPlanProgress,Report,vw_Risks,SELECT * FROM [Report].[vw_ProjectPlanProgress] AS a INNER JOIN [Report].[vw_Risks] AS b ON a.[ProjectID] = b.[ProjectID]
ProjectID,ProjectId,bigint,Report,vw_ProjectPlanProgress,Report,vw_Projects,SELECT * FROM [Report].[vw_ProjectPlanProgress] AS a INNER JOIN [Report].[vw_Projects] AS b ON a.[ProjectID] = b.[ProjectId]
ProjectID,ProjectID,bigint,Report,vw_ProjectPlanProgress,Report,vw_ResourceUsage,SELECT * FROM [Report].[vw_ProjectPlanProgress] AS a INNER JOIN [Report].[vw_ResourceUsage] AS b ON a.[ProjectID] = b.[ProjectID]
ProjectId,ProjectID,int,Report,vw_Projects,Report,vw_ResourceUsage,SELECT * FROM [Report].[vw_Projects] AS a INNER JOIN [Report].[vw_ResourceUsage] AS b ON a.[ProjectId] = b.[ProjectID]
ProjectId,ProjectID,int,Report,vw_Projects,Report,vw_Risks,SELECT * FROM [Report].[vw_Projects] AS a INNER JOIN [Report].[vw_Risks] AS b ON a.[ProjectId] = b.[ProjectID]
ProjectId,ProjectID,int,Report,vw_Projects,Report,vw_WBS,SELECT * FROM [Report].[vw_Projects] AS a INNER JOIN [Report].[vw_WBS] AS b ON a.[ProjectId] = b.[ProjectID]
ProjectId,ProjectID,int,Report,vw_Projects,Report,vw_WorkItems,SELECT * FROM [Report].[vw_Projects] AS a INNER JOIN [Report].[vw_WorkItems] AS b ON a.[ProjectId] = b.[ProjectID]
ProjectId,ProjectID,int,Report,vw_Projects,Report,vw_ProjectScurve,SELECT * FROM [Report].[vw_Projects] AS a INNER JOIN [Report].[vw_ProjectScurve] AS b ON a.[ProjectId] = b.[ProjectID]
ProjectID,ProjectID,int,Report,vw_ProjectScurve,Report,vw_WorkItems,SELECT * FROM [Report].[vw_ProjectScurve] AS a INNER JOIN [Report].[vw_WorkItems] AS b ON a.[ProjectID] = b.[ProjectID]
ProjectID,ProjectID,int,Report,vw_ProjectScurve,Report,vw_WBS,SELECT * FROM [Report].[vw_ProjectScurve] AS a INNER JOIN [Report].[vw_WBS] AS b ON a.[ProjectID] = b.[ProjectID]
ProjectID,ProjectID,int,Report,vw_ProjectScurve,Report,vw_Risks,SELECT * FROM [Report].[vw_ProjectScurve] AS a INNER JOIN [Report].[vw_Risks] AS b ON a.[ProjectID] = b.[ProjectID]
ProjectID,ProjectID,int,Report,vw_ProjectScurve,Report,vw_ResourceUsage,SELECT * FROM [Report].[vw_ProjectScurve] AS a INNER JOIN [Report].[vw_ResourceUsage] AS b ON a.[ProjectID] = b.[ProjectID]
ProjectID,ProjectID,int,Report,vw_ResourceUsage,Report,vw_Risks,SELECT * FROM [Report].[vw_ResourceUsage] AS a INNER JOIN [Report].[vw_Risks] AS b ON a.[ProjectID] = b.[ProjectID]
ProjectID,ProjectID,int,Report,vw_ResourceUsage,Report,vw_WBS,SELECT * FROM [Report].[vw_ResourceUsage] AS a INNER JOIN [Report].[vw_WBS] AS b ON a.[ProjectID] = b.[ProjectID]
ProjectID,ProjectID,int,Report,vw_ResourceUsage,Report,vw_WorkItems,SELECT * FROM [Report].[vw_ResourceUsage] AS a INNER JOIN [Report].[vw_WorkItems] AS b ON a.[ProjectID] = b.[ProjectID]
ProjectID,ProjectID,int,Report,vw_Risks,Report,vw_WBS,SELECT * FROM [Report].[vw_Risks] AS a INNER JOIN [Report].[vw_WBS] AS b ON a.[ProjectID] = b.[ProjectID]
ProjectID,ProjectID,int,Report,vw_Risks,Report,vw_WorkItems,SELECT * FROM [Report].[vw_Risks] AS a INNER JOIN [Report].[vw_WorkItems] AS b ON a.[ProjectID] = b.[ProjectID]
ProjectID,ProjectID,int,Report,vw_WBS,Report,vw_WorkItems,SELECT * FROM [Report].[vw_WBS] AS a INNER JOIN [Report].[vw_WorkItems] AS b ON a.[ProjectID] = b.[ProjectID]
ProjectPlanID,ProjectPlanID,int,Report,vw_PlanHistory,Report,vw_ProjectPlan,SELECT * FROM [Report].[vw_PlanHistory] AS a INNER JOIN [Report].[vw_ProjectPlan] AS b ON a.[ProjectPlanID] = b.[ProjectPlanID]
StatusPK,StatusPK,int,Report,vw_Issues,Report,vw_Risks,SELECT * FROM [Report].[vw_Issues] AS a INNER JOIN [Report].[vw_Risks] AS b ON a.[StatusPK] = b.[StatusPK]
WBSID,WBSID,int,Report,vw_CBS,Report,vw_PlanHistory,SELECT * FROM [Report].[vw_CBS] AS a INNER JOIN [Report].[vw_PlanHistory] AS b ON a.[WBSID] = b.[WBSID]
WBSID,WbsId,int,Report,vw_CBS,Report,vw_WBS,SELECT * FROM [Report].[vw_CBS] AS a INNER JOIN [Report].[vw_WBS] AS b ON a.[WBSID] = b.[WbsId]
WBSID,WBSID,int,Report,vw_CBS,Report,vw_WorkItems,SELECT * FROM [Report].[vw_CBS] AS a INNER JOIN [Report].[vw_WorkItems] AS b ON a.[WBSID] = b.[WBSID]
WBSID,WBSID,int,Report,vw_CBS,Report,vw_ResourceUsage,SELECT * FROM [Report].[vw_CBS] AS a INNER JOIN [Report].[vw_ResourceUsage] AS b ON a.[WBSID] = b.[WBSID]
WBSID,WBSID,int,Report,vw_PlanHistory,Report,vw_ResourceUsage,SELECT * FROM [Report].[vw_PlanHistory] AS a INNER JOIN [Report].[vw_ResourceUsage] AS b ON a.[WBSID] = b.[WBSID]
WBSID,WBSID,int,Report,vw_PlanHistory,Report,vw_WorkItems,SELECT * FROM [Report].[vw_PlanHistory] AS a INNER JOIN [Report].[vw_WorkItems] AS b ON a.[WBSID] = b.[WBSID]
WBSID,WbsId,int,Report,vw_PlanHistory,Report,vw_WBS,SELECT * FROM [Report].[vw_PlanHistory] AS a INNER JOIN [Report].[vw_WBS] AS b ON a.[WBSID] = b.[WbsId]
WBSID,WbsId,int,Report,vw_ResourceUsage,Report,vw_WBS,SELECT * FROM [Report].[vw_ResourceUsage] AS a INNER JOIN [Report].[vw_WBS] AS b ON a.[WBSID] = b.[WbsId]
WBSID,WBSID,int,Report,vw_ResourceUsage,Report,vw_WorkItems,SELECT * FROM [Report].[vw_ResourceUsage] AS a INNER JOIN [Report].[vw_WorkItems] AS b ON a.[WBSID] = b.[WBSID]
WbsId,WBSID,int,Report,vw_WBS,Report,vw_WorkItems,SELECT * FROM [Report].[vw_WBS] AS a INNER JOIN [Report].[vw_WorkItems] AS b ON a.[WbsId] = b.[WBSID]
